Date,competition,home_team,home_goals,home_points,away_team,away_goals,away_points,total_home_score,total_away_score
5/1/16,Connacht GAA Football Senior Championship,New_york,0,17,Roscommon,1,15,17,18
5/14/16,Leinster GAA Football Senior Championship,Louth,2,24,Carlow,3,11,30,20
5/14/16,Leinster GAA Football Senior Championship,Laois,3,16,Wicklow,0,18,25,18
5/15/16,Leinster GAA Football Senior Championship,Offaly,2,21,Longford,2,13,27,19
5/15/16,Ulster GAA Football Senior Championship,Fermanagh,1,12,Antrim,0,9,15,9
5/21/16,Leinster GAA Football Senior Championship,Wexford,0,8,Kildare,0,9,8,9
5/22/16,Connacht GAA Football Senior Championship,Leitrim,0,11,Roscommon,1,21,11,24
5/22/16,Ulster GAA Football Senior Championship,Derry,0,12,Tyrone,3,14,12,23
5/29/22,Connacht GAA Football Senior Championship,London,0,9,Mayo,2,16,9,22
5/29/22,Munster GAA Football Senior Championship,Limerick,0,13,Clare,0,16,13,16
5/29/22,Munster GAA Football Senior Championship,Waterford,1,7,Tipperary,1,15,10,18
5/29/22,Ulster GAA Football Senior Championship,Cavan,2,16,Armagh,0,14,22,14
6/4/16,Leinster GAA Football Senior Championship,Laois,2,10,Dublin,2,21,16,27
6/5/16,Ulster GAA Football Senior Championship,Monaghan,2,22,Down,0,9,28,9
6/12/16,Connacht GAA Football Senior Championship,Roscommon,4,16,Sligo,2,13,28,19
6/12/16,Leinster GAA Football Senior Championship,Louth,1,13,Meath,0,20,16,20
6/12/16,Leinster GAA Football Senior Championship,Westmeath,0,13,Offaly,0,12,13,12
6/12/16,Munster GAA Football Senior Championship,Kerry,2,23,Clare,0,17,29,17
6/12/16,Munster GAA Football Senior Championship,Tipperary,3,15,Cork,2,16,24,22
6/12/16,Ulster GAA Football Senior Championship,Donegal,2,12,Fermanagh,0,11,18,11
6/18/16,GAA Football All-Ireland Senior Championship,Laois,1,10,Armagh,0,10,13,10
6/18/16,GAA Football All-Ireland Senior Championship,Derry,1,18,Louth,2,10,21,16
6/18/16,GAA Football All-Ireland Senior Championship,Carlow,1,17,Wicklow,1,12,20,15
6/18/16,Connacht GAA Football Senior Championship,Mayo,0,12,Galway,1,12,12,15
6/19/16,GAA Football All-Ireland Senior Championship,Leitrim,0,12,Waterford,0,8,12,8
6/19/16,Ulster GAA Football Senior Championship,Tyrone,0,16,Cavan,3,7,16,16
6/25/16,GAA Football All-Ireland Senior Championship,Offaly,0,17,London,1,7,17,10
6/25/16,GAA Football All-Ireland Senior Championship,Antrim,0,9,Limerick,2,6,9,12
6/25/16,GAA Football All-Ireland Senior Championship,Down,3,17,Longford,2,24,26,30
6/25/16,GAA Football All-Ireland Senior Championship,Wexford,1,11,Fermanagh,0,19,14,19
6/25/16,Ulster GAA Football Senior Championship,Donegal,1,11,Monaghan,0,14,14,14
6/26/16,Leinster GAA Football Senior Championship,Westmeath,1,12,Kildare,1,11,15,14
6/26/16,Leinster GAA Football Senior Championship,Dublin,0,21,Meath,0,11,21,11
7/2/16,GAA Football All-Ireland Senior Championship,Laois,1,11,Armagh,1,10,14,13
7/2/16,GAA Football All-Ireland Senior Championship,Sligo,2,15,Leitrim,0,10,21,10
7/2/16,Ulster GAA Football Senior Championship,Donegal,0,17,Monaghan,2,10,17,16
7/3/16,Munster GAA Football Senior Championship,Kerry,3,17,Tipperary,2,10,26,16
7/3/16,Ulster GAA Football Senior Championship,Cavan,2,17,Tyrone,5,18,23,33
7/9/16,GAA Football All-Ireland Senior Championship,Derry,1,14,Meath,1,11,17,14
7/9/16,GAA Football All-Ireland Senior Championship,Limerick,0,10,Cork,2,12,10,18
7/9/16,GAA Football All-Ireland Senior Championship,Mayo,2,14,Fermanagh,1,12,20,15
7/9/16,GAA Football All-Ireland Senior Championship,Cavan,2,13,Carlow,0,12,19,12
7/9/16,GAA Football All-Ireland Senior Championship,Monaghan,1,13,Longford,2,13,16,19
7/9/16,GAA Football All-Ireland Senior Championship,Kildare,1,22,Offaly,2,14,25,20
7/10/16,GAA Football All-Ireland Senior Championship,Clare,0,14,Laois,1,10,14,13
7/10/16,Connacht GAA Football Senior Championship,Galway,0,13,Roscommon,1,10,13,13
7/16/16,GAA Football All-Ireland Senior Championship,Sligo,1,13,Clare,2,17,16,23
7/16/16,GAA Football All-Ireland Senior Championship,Longford,1,6,Cork,2,9,9,15
7/16/16,GAA Football All-Ireland Senior Championship,Cavan,0,18,Derry,1,17,18,20
7/16/16,GAA Football All-Ireland Senior Championship,Mayo,2,17,Kildare,0,14,23,14
7/17/16,Connacht GAA Football Senior Championship,Galway,3,16,Roscommon,0,14,25,14
7/17/16,Leinster GAA Football Senior Championship,Dublin,2,19,Westmeath,0,10,25,10
7/17/16,Ulster GAA Football Senior Championship,Donegal,0,11,Tyrone,0,13,11,13
7/23/16,GAA Football All-Ireland Senior Championship,Clare,2,12,Roscommon,1,9,18,12
7/23/16,GAA Football All-Ireland Senior Championship,Tipperary,1,21,Derry,2,17,24,23
7/30/16,GAA Football All-Ireland Senior Championship,Donegal,0,21,Cork,1,15,21,18
7/30/16,GAA Football All-Ireland Senior Championship,Mayo,3,15,Westmeath,1,14,24,17
7/31/16,GAA Football All-Ireland Senior Championship,Kerry,2,16,Clare,0,11,22,11
7/31/16,GAA Football All-Ireland Senior Championship,Galway,1,10,Tipperary,3,13,13,22
8/6/16,GAA Football All-Ireland Senior Championship,Tyrone,0,12,Mayo,0,13,12,13
8/6/16,GAA Football All-Ireland Senior Championship,Dublin,1,15,Donegal,1,10,18,13
8/21/16,GAA Football All-Ireland Senior Championship,Mayo,2,13,Tipperary,0,14,19,14
8/28/16,GAA Football All-Ireland Senior Championship,Dublin,0,22,Kerry,2,14,22,20
9/18/16,GAA Football All-Ireland Senior Championship,Dublin,2,9,Mayo,0,15,15,15
10/1/16,GAA Football All-Ireland Senior Championship,Dublin,1,15,Mayo,1,14,18,17
2/4/17,Allianz Football League Roinn 1,Mayo,0,12,Monaghan,1,11,12,14
2/4/17,Allianz Football League Roinn 1,Down,0,10,Fermanagh,1,16,10,19
2/4/17,Allianz Football League Roinn 1,Laois,0,10,Louth,2,16,10,22
2/5/17,Allianz Football League Roinn 1,Tyrone,0,18,Roscommon,1,9,18,12
2/5/17,Allianz Football League Roinn 1,Donegal,1,17,Kerry,2,17,20,23
2/5/17,Allianz Football League Roinn 1,Cavan,0,11,Dublin,0,18,11,18
2/5/17,Allianz Football League Roinn 2,Galway,0,14,Cork,1,11,14,14
2/5/17,Allianz Football League Roinn 2,Derry,0,11,Clare,1,8,11,11
2/5/17,Allianz Football League Roinn 2,Meath,0,16,Kildare,3,17,16,26
2/5/17,Allianz Football League Roinn 3,Longford,1,12,Offaly,0,10,15,10
2/5/17,Allianz Football League Roinn 3,Tipperary,2,12,Antrim,0,13,18,13
2/5/17,Allianz Football League Roinn 3,Sligo,1,14,Armagh,2,11,17,17
2/5/17,Allianz Football League Roinn 4,Waterford,1,14,Armagh,2,11,17,17
2/5/17,Allianz Football League Roinn 4,Westmeath,2,10,Carlow,2,10,16,16
2/5/17,Allianz Football League Roinn 4,Wicklow,0,10,Leitrim,1,17,10,20
2/5/17,Allianz Football League Roinn 4,Wexford,0,14,Limerick,1,8,14,11
2/11/17,Allianz Football League Roinn 1,Kerry,1,10,Mayo,0,15,13,15
2/11/17,Allianz Football League Roinn 1,Dublin,0,10,Tyrone,1,7,10,10
2/11/17,Allianz Football League Roinn 4,Waterford,1,17,Wicklow,1,9,20,12
2/12/17,Allianz Football League Roinn 1,Monaghan,0,7,Cavan,0,7,7,7
2/12/17,Allianz Football League Roinn 1,Roscommon,2,9,Donegal,0,16,15,16
2/12/17,Allianz Football League Roinn 2,Clare,2,11,Down,0,11,17,11
2/12/17,Allianz Football League Roinn 2,Kildare,1,14,Cork,1,8,17,11
2/12/17,Allianz Football League Roinn 2,Fermanagh,0,10,Galway,1,13,10,16
2/12/17,Allianz Football League Roinn 2,Meath,3,15,Derry,0,9,24,9
2/12/17,Allianz Football League Roinn 3,Louth,0,11,Longford,0,10,11,10
2/12/17,Allianz Football League Roinn 3,Tipperary,1,16,Sligo,2,14,19,20
2/12/17,Allianz Football League Roinn 3,Offaly,0,23,Antrim,1,7,23,10
2/12/17,Allianz Football League Roinn 3,Armagh,0,16,Laois,2,11,16,17
2/12/17,Allianz Football League Roinn 4,Carlow,0,16,London,2,15,16,21
2/12/17,Allianz Football League Roinn 4,Limerick,0,12,Westmeath,1,18,12,21
2/12/17,Allianz Football League Roinn 4,Leitrim,0,14,Wexford,0,16,14,16
2/25/17,Allianz Football League Roinn 1,Mayo,1,19,Roscommon,0,14,22,14
2/25/17,Allianz Football League Roinn 2,Down,1,13,Meath,0,14,16,14
2/25/17,Allianz Football League Roinn 3,Laois,1,10,Tipperary,1,16,13,19
2/25/17,Allianz Football League Roinn 4,Carlow,1,10,Limerick,0,10,13,10
2/26/17,Allianz Football League Roinn 1,Donegal,2,5,Dublin,1,8,11,11
2/26/17,Allianz Football League Roinn 1,Kerry,1,10,Monaghan,2,8,13,14
2/26/17,Allianz Football League Roinn 2,Cork,1,14,Fermanagh,0,9,17,9
2/26/17,Allianz Football League Roinn 2,Derry,1,18,Kildare,1,17,21,20
2/26/17,Allianz Football League Roinn 2,Galway,3,13,Clare,1,11,22,14
2/26/17,Allianz Football League Roinn 3,Offaly,0,14,Louth,2,13,14,19
2/26/17,Allianz Football League Roinn 3,Longford,3,9,Armagh,3,11,18,20
2/26/17,Allianz Football League Roinn 3,Antrim,0,11,Sligo,1,7,11,10
2/26/17,Allianz Football League Roinn 4,Wexford,1,9,Waterford,0,10,12,10
2/26/17,Allianz Football League Roinn 4,Wicklow,0,17,London,2,4,17,10
2/26/17,Allianz Football League Roinn 4,Westmeath,2,18,Leitrim,1,9,24,12
3/4/17,Allianz Football League Roinn 1,Dublin,1,16,Mayo,0,7,19,7
3/4/17,Allianz Football League Roinn 1,Cavan,0,11,Donegal,1,16,11,19
3/4/17,Allianz Football League Roinn 1,Tyrone,0,14,Monaghan,0,10,14,10
3/4/17,Allianz Football League Roinn 4,Limerick,1,13,London,0,12,16,12
3/5/17,Allianz Football League Roinn 1,Roscommon,1,13,Kerry,1,19,16,22
3/5/17,Allianz Football League Roinn 2,Kildare,4,14,Fermanagh,0,14,26,14
3/5/17,Allianz Football League Roinn 2,Meath,1,13,Galway,0,15,16,15
3/5/17,Allianz Football League Roinn 2,Clare,2,11,Cork,0,9,17,9
3/5/17,Allianz Football League Roinn 2,Derry,1,7,Down,1,15,10,18
3/5/17,Allianz Football League Roinn 3,Louth,2,10,Antrim,1,11,16,14
3/5/17,Allianz Football League Roinn 3,Armagh,6,22,Offaly,0,10,40,10
3/5/17,Allianz Football League Roinn 3,Sligo,0,18,Laois,2,10,18,16
3/5/17,Allianz Football League Roinn 4,Leitrim,2,14,Carlow,2,12,20,18
3/5/17,Allianz Football League Roinn 4,Waterford,2,11,Westmeath,3,13,17,22
3/5/17,Allianz Football League Roinn 4,Wicklow,0,13,Wexford,1,13,13,16
3/11/17,Allianz Football League Roinn 3,Tipperary,3,17,Longford,0,18,26,18
3/12/17,Allianz Football League Roinn 1,Tyrone,0,19,Cavan,1,9,19,12
3/18/17,Allianz Football League Roinn 1,Donegal,0,12,Tyrone,0,6,12,6
3/18/17,Allianz Football League Roinn 1,Kerry,0,13,Dublin,0,13,13,13
3/18/17,Allianz Football League Roinn 2,Down,0,10,Kildare,2,9,10,15
3/18/17,Allianz Football League Roinn 4,Carlow,2,10,Waterford,0,7,16,7
3/19/17,Allianz Football League Roinn 1,Mayo,0,15,Cavan,1,14,15,17
3/19/17,Allianz Football League Roinn 1,Monaghan,2,17,Roscommon,1,13,23,16
3/19/17,Allianz Football League Roinn 2,Fermanagh,0,18,Clare,1,10,18,13
3/19/17,Allianz Football League Roinn 2,Cork,0,18,Meath,1,15,18,18
3/19/17,Allianz Football League Roinn 2,Galway,5,15,Derry,2,15,30,21
3/19/17,Allianz Football League Roinn 3,Antrim,1,10,Laois,0,11,13,11
3/19/17,Allianz Football League Roinn 3,Louth,0,11,Armagh,3,15,11,24
3/19/17,Allianz Football League Roinn 3,Longford,0,16,Sligo,2,7,16,13
3/19/17,Allianz Football League Roinn 3,Offaly,2,11,Tipperary,2,15,17,21
3/19/17,Allianz Football League Roinn 4,Wexford,0,15,London,0,9,15,9
3/19/17,Allianz Football League Roinn 4,Limerick,2,11,Leitrim,0,15,17,15
3/19/17,Allianz Football League Roinn 4,Westmeath,0,19,Wicklow,0,14,19,14
3/25/17,Allianz Football League Roinn 1,Dublin,2,29,Roscommon,0,14,35,14
3/25/17,Allianz Football League Roinn 3,Armagh,1,12,Antrim,0,13,15,13
3/25/17,Allianz Football League Roinn 3,Laois,3,13,Longford,0,13,22,13
3/25/17,Allianz Football League Roinn 4,Waterford,0,8,Limerick,0,14,8,14
3/26/17,Allianz Football League Roinn 1,Cavan,3,10,Kerry,0,13,19,13
3/26/17,Allianz Football League Roinn 1,Tyrone,0,12,Mayo,1,10,12,13
3/26/17,Allianz Football League Roinn 1,Donegal,1,11,Monaghan,1,11,14,14
3/26/17,Allianz Football League Roinn 2,Derry,2,10,Cork,0,20,16,20
3/26/17,Allianz Football League Roinn 2,Meath,3,15,Fermanagh,0,6,24,6
3/26/17,Allianz Football League Roinn 2,Down,1,13,Galway,3,15,16,24
3/26/17,Allianz Football League Roinn 2,Kildare,0,18,Clare,1,14,18,17
3/26/17,Allianz Football League Roinn 3,Tipperary,0,12,Louth,0,16,12,16
3/26/17,Allianz Football League Roinn 3,Sligo,2,10,Offaly,2,14,16,20
3/26/17,Allianz Football League Roinn 4,Leitrim,2,16,London,0,15,22,15
3/26/17,Allianz Football League Roinn 4,Wexford,0,9,Westmeath,3,24,9,33
3/26/17,Allianz Football League Roinn 4,Wicklow,0,10,Carlow,1,18,10,21
4/1/17,Allianz Football League Roinn 4,Leitrim,1,13,Waterford,2,8,16,14
4/2/17,Allianz Football League Roinn 1,Monaghan,1,15,Dublin,2,15,18,21
4/2/17,Allianz Football League Roinn 1,Mayo,1,12,Donegal,0,13,15,13
4/2/17,Allianz Football League Roinn 1,Kerry,1,21,Tyrone,2,11,24,17
4/2/17,Allianz Football League Roinn 1,Roscommon,1,13,Cavan,1,10,16,13
4/2/17,Allianz Football League Roinn 2,Galway,0,14,Kildare,0,13,14,13
4/2/17,Allianz Football League Roinn 2,Cork,1,10,Down,0,13,13,13
4/2/17,Allianz Football League Roinn 2,Clare,1,13,Meath,3,19,16,28
4/2/17,Allianz Football League Roinn 2,Fermanagh,0,13,Derry,2,8,13,14
4/2/17,Allianz Football League Roinn 2,Antrim,1,13,Longford,0,16,16,16
4/2/17,Allianz Football League Roinn 3,Louth,1,11,Sligo,0,17,14,17
4/2/17,Allianz Football League Roinn 3,Armagh,0,16,Tipperary,3,8,16,17
4/2/17,Allianz Football League Roinn 3,Offaly,3,15,Laois,4,11,24,23
4/2/17,Allianz Football League Roinn 4,Carlow,2,14,Wexford,1,7,20,10
4/2/17,Allianz Football League Roinn 4,Westmeath,3,26,London,1,9,35,12
4/2/17,Allianz Football League Roinn 4,Limerick,2,13,Wicklow,9,2,19,29
4/8/17,Allianz Football League Roinn 3,Louth,0,19,Tipperary,3,19,19,28
4/8/17,Allianz Football League Roinn 4,Westmeath,2,24,Wexford,2,11,30,17
4/9/17,Allianz Football League Roinn 1,Dublin,1,16,Kerry,0,20,19,20
4/9/17,Allianz Football League Roinn 2,Kildare,0,16,Galway,0,18,16,18
5/7/17,Connacht GAA Football Senior Championship,New_york,1,13,Sligo,1,21,16,24
5/20/17,Ulster GAA Football Senior Championship,Monaghan,1,20,Fermanagh,1,11,23,14
5/21/17,Connacht GAA Football Senior Championship,Mayo,2,14,Sligo,0,11,20,11
5/21/17,Leinster GAA Football Senior Championship,Louth,1,19,Wicklow,1,14,22,17
5/21/17,Leinster GAA Football Senior Championship,Laois,4,15,Longford,0,16,27,16
5/21/17,Leinster GAA Football Senior Championship,Carlow,2,17,Wexford,2,13,23,19
5/21/17,Ulster GAA Football Senior Championship,Donegal,3,19,Antrim,1,9,28,12
5/27/17,Munster GAA Football Senior Championship,Waterford,1,11,Cork,1,12,14,15
5/28/17,Connacht GAA Football Senior Championship,London,0,16,Leitrim,3,10,16,19
5/28/17,Munster GAA Football Senior Championship,Clare,1,13,Limerick,1,12,16,15
5/28/17,Ulster GAA Football Senior Championship,Derry,0,11,Tyrone,0,22,11,22
6/3/17,Leinster GAA Football Senior Championship,Dublin,0,19,Carlow,0,7,19,7
6/4/17,Leinster GAA Football Senior Championship,Meath,0,27,Louth,3,9,27,18
6/4/17,Leinster GAA Football Senior Championship,Kildare,1,21,Laois,1,7,24,10
6/4/17,Ulster GAA Football Senior Championship,Down,0,15,Armagh,2,7,15,13
6/10/17,Munster GAA Football Senior Championship,Cork,1,10,Tipperary,1,9,13,12
6/11/17,Connacht GAA Football Senior Championship,Galway,0,15,Mayo,1,11,15,14
6/11/17,Leinster GAA Football Senior Championship,Offaly,0,10,Westmeath,0,10,10,10
6/11/17,Munster GAA Football Senior Championship,Clare,1,12,Kerry,1,18,15,21
6/11/17,Ulster GAA Football Senior Championship,Cavan,0,15,Monaghan,1,15,15,18
6/17/17,GAA Football All-Ireland Senior Championship,Waterford,0,13,Derry,1,17,13,20
6/17/17,GAA Football All-Ireland Senior Championship,Louth,1,10,Longford,2,15,13,21
6/17/17,GAA Football All-Ireland Senior Championship,Wicklow,3,10,Laois,2,16,19,22
6/17/17,GAA Football All-Ireland Senior Championship,Sligo,0,22,Antrim,3,7,22,16
6/17/17,Leinster GAA Football Senior Championship,Westmeath,3,17,Offaly,0,15,26,15
6/17/17,Leinster GAA Football Senior Championship,Meath,0,13,Kildare,2,16,13,22
6/18/17,Connacht GAA Football Senior Championship,Roscommon,2,23,Leitrim,1,9,29,12
6/18/17,Ulster GAA Football Senior Championship,Donegal,1,12,Tyrone,1,21,15,24
6/24/17,GAA Football All-Ireland Senior Championship,Limerick,0,11,Wexford,0,12,11,12
6/24/17,Ulster GAA Football Senior Championship,Down,1,14,Monaghan,0,15,17,15
6/25/17,GAA Football All-Ireland Senior Championship,London,0,12,Carlow,0,13,12,13
6/25/17,GAA Football All-Ireland Senior Championship,Armagh,0,20,Fermanagh,0,11,20,11
6/25/17,GAA Football All-Ireland Senior Championship,Offaly,0,16,Cavan,0,17,16,17
6/25/17,Leinster GAA Football Senior Championship,Dublin,4,29,Westmeath,0,10,41,10
7/1/17,GAA Football All-Ireland Senior Championship,Laois,0,14,Clare,2,18,14,24
7/1/17,GAA Football All-Ireland Senior Championship,Mayo,2,21,Derry,1,13,27,16
7/1/17,GAA Football All-Ireland Senior Championship,Donegal,0,12,Longford,0,7,12,7
7/1/17,GAA Football All-Ireland Senior Championship,Meath,0,14,Sligo,1,9,14,12
7/2/17,Munster GAA Football Senior Championship,Kerry,1,23,Cork,0,15,26,15
7/8/17,GAA Football All-Ireland Senior Championship,Cavan,0,18,Tipperary,2,15,18,21
7/8/17,GAA Football All-Ireland Senior Championship,Carlow,2,14,Leitrim,0,13,20,13
7/8/17,GAA Football All-Ireland Senior Championship,Wexford,1,11,Monaghan,3,23,14,32
7/8/17,GAA Football All-Ireland Senior Championship,Clare,0,13,Mayo,2,14,13,20
7/8/17,GAA Football All-Ireland Senior Championship,Meath,1,14,Donegal,1,15,17,18
7/8/17,GAA Football All-Ireland Senior Championship,Westmeath,1,7,Armagh,1,12,10,15
7/9/17,Connacht GAA Football Senior Championship,Galway,0,12,Roscommon,2,15,12,21
7/15/17,GAA Football All-Ireland Senior Championship,Tipperary,1,15,Armagh,1,17,18,20
7/15/17,GAA Football All-Ireland Senior Championship,Carlow,1,7,Monaghan,1,12,10,15
7/16/17,Leinster GAA Football Senior Championship,Dublin,2,23,Kildare,1,17,29,20
7/16/17,Ulster GAA Football Senior Championship,Down,0,15,Tyrone,2,17,15,23
7/22/17,GAA Football All-Ireland Senior Championship,Cork,2,20,Mayo,0,27,26,27
7/22/17,GAA Football All-Ireland Senior Championship,Galway,4,17,Donegal,0,14,29,14
7/29/17,GAA Football All-Ireland Senior Championship,Down,1,16,Monaghan,1,24,19,27
7/29/17,GAA Football All-Ireland Senior Championship,Armagh,1,17,Kildare,0,17,20,17
7/30/17,GAA Football All-Ireland Senior Championship,Kerry,1,18,Galway,0,13,21,13
7/30/17,GAA Football All-Ireland Senior Championship,Roscommon,2,9,Mayo,1,12,15,15
8/5/17,GAA Football All-Ireland Senior Championship,Tyrone,3,17,Armagh,0,8,26,8
8/5/17,GAA Football All-Ireland Senior Championship,Dublin,1,19,Monaghan,0,12,22,12
8/7/17,GAA Football All-Ireland Senior Championship,Mayo,4,19,Roscommon,0,9,31,9
8/20/17,GAA Football All-Ireland Senior Championship,Kerry,2,14,Mayo,2,14,20,20
8/26/17,GAA Football All-Ireland Senior Championship,Kerry,0,17,Mayo,2,16,17,22
8/27/17,GAA Football All-Ireland Senior Championship,Dublin,2,17,Tyrone,0,11,23,11
9/17/17,GAA Football All-Ireland Senior Championship,Dublin,1,17,Mayo,1,16,20,19
1/27/18,Allianz Football League Roinn 1,Dublin,2,17,Kildare,2,10,23,16
1/27/18,Allianz Football League Roinn 2,Clare,1,12,Cavan,2,9,15,15
1/27/18,Allianz Football League Roinn 2,Cork,1,16,Tipperary,3,16,19,25
1/27/18,Allianz Football League Roinn 4,London,2,9,Carlow,2,14,15,20
1/27/18,Allianz Football League Roinn 4,Laois,2,12,Limerick,0,9,18,9
1/28/18,Allianz Football League Roinn 1,Kerry,2,18,Donegal,3,14,24,23
1/28/18,Allianz Football League Roinn 1,Monaghan,0,12,Mayo,0,13,12,13
1/28/18,Allianz Football League Roinn 1,Galway,1,9,Tyrone,0,8,12,8
1/28/18,Allianz Football League Roinn 2,Louth,0,11,Down,1,14,11,17
1/28/18,Allianz Football League Roinn 2,Roscommon,2,12,Meath,2,12,18,18
1/28/18,Allianz Football League Roinn 3,Armagh,2,17,Sligo,0,9,23,9
1/28/18,Allianz Football League Roinn 3,Fermanagh,3,7,Wexford,2,5,16,11
1/28/18,Allianz Football League Roinn 3,Offaly,1,13,Longford,3,18,16,27
1/28/18,Allianz Football League Roinn 3,Derry,2,14,Westmeath,2,17,20,23
1/28/18,Allianz Football League Roinn 4,Antrim,0,15,Leitrim,0,5,15,5
1/28/18,Allianz Football League Roinn 4,Wicklow,0,12,Waterford,0,12,12,12
2/3/18,Allianz Football League Roinn 1,Tyrone,1,11,Dublin,2,13,14,19
2/3/18,Allianz Football League Roinn 1,Mayo,2,9,Kerry,1,15,15,18
2/3/18,Allianz Football League Roinn 2,Cavan,3,17,Louth,0,13,26,13
2/4/18,Allianz Football League Roinn 1,Kildare,0,12,Monaghan,1,10,12,13
2/4/18,Allianz Football League Roinn 1,Donegal,0,14,Galway,1,12,14,15
2/4/18,Allianz Football League Roinn 2,Down,0,10,Cork,1,13,10,16
2/4/18,Allianz Football League Roinn 2,Tipperary,3,9,Roscommon,1,17,18,20
2/4/18,Allianz Football League Roinn 2,Meath,0,21,Clare,0,7,21,7
2/4/18,Allianz Football League Roinn 3,Sligo,1,16,Wexford,1,13,19,16
2/4/18,Allianz Football League Roinn 3,Longford,1,13,Derry,1,6,16,9
2/4/18,Allianz Football League Roinn 3,Fermanagh,2,11,Offaly,1,6,17,9
2/4/18,Allianz Football League Roinn 3,Westmeath,1,11,Armagh,2,17,14,23
2/4/18,Allianz Football League Roinn 4,London,1,16,Wicklow,0,10,19,10
2/4/18,Allianz Football League Roinn 4,Waterford,0,10,Antrim,2,12,10,18
2/4/18,Allianz Football League Roinn 4,Leitrim,3,10,Laois,3,16,19,25
2/4/18,Allianz Football League Roinn 4,Limerick,0,13,Carlow,2,11,13,17
2/10/18,Allianz Football League Roinn 1,Dublin,0,20,Donegal,0,15,20,15
2/10/18,Allianz Football League Roinn 4,Carlow,2,11,Leitrim,0,5,17,5
2/10/18,Allianz Football League Roinn 4,Laois,0,18,Waterford,1,11,18,14
2/11/18,Allianz Football League Roinn 1,Galway,1,13,Mayo,0,11,16,11
2/11/18,Allianz Football League Roinn 1,Kildare,0,18,Tyrone,1,16,18,19
2/11/18,Allianz Football League Roinn 2,Clare,0,11,Tipperary,0,11,11,11
2/11/18,Allianz Football League Roinn 2,Cork,2,11,Louth,0,10,17,10
2/11/18,Allianz Football League Roinn 2,Roscommon,0,7,Down,0,12,7,12
2/11/18,Allianz Football League Roinn 3,Armagh,1,11,Longford,1,10,14,13
2/11/18,Allianz Football League Roinn 3,Wexford,1,10,Westmeath,0,16,13,16
2/11/18,Allianz Football League Roinn 4,London,2,8,Limerick,2,8,14,14
2/11/18,Allianz Football League Roinn 4,Antrim,0,12,Wicklow,0,12,12,12
2/18/18,Allianz Football League Roinn 1,Monaghan,1,13,Kerry,0,14,16,14
2/18/18,Allianz Football League Roinn 2,Cavan,2,14,Meath,1,12,20,15
2/18/18,Allianz Football League Roinn 3,Sligo,0,8,Fermanagh,0,13,8,13
2/18/18,Allianz Football League Roinn 3,Derry,1,15,Offaly,0,13,18,13
2/24/18,Allianz Football League Roinn 1,Mayo,0,12,Dublin,2,10,12,16
2/24/18,Allianz Football League Roinn 1,Monaghan,0,15,Tyrone,0,14,15,14
2/24/18,Allianz Football League Roinn 2,Tipperary,2,15,Meath,1,10,21,13
2/24/18,Allianz Football League Roinn 3,Fermanagh,1,16,Derry,3,8,19,17
2/24/18,Allianz Football League Roinn 4,Waterford,2,9,Carlow,2,12,15,18
2/25/18,Allianz Football League Roinn 1,Donegal,1,15,Kildare,3,7,18,16
2/25/18,Allianz Football League Roinn 1,Kerry,0,14,Galway,1,14,14,17
2/25/18,Allianz Football League Roinn 2,Cork,0,11,Cavan,0,14,11,14
2/25/18,Allianz Football League Roinn 2,Down,1,10,Clare,1,12,13,15
2/25/18,Allianz Football League Roinn 2,Louth,0,12,Roscommon,1,21,12,24
2/25/18,Allianz Football League Roinn 3,Westmeath,0,20,Sligo,0,14,20,14
2/25/18,Allianz Football League Roinn 3,Longford,1,12,Wexford,0,9,15,9
2/25/18,Allianz Football League Roinn 3,Offaly,1,9,Armagh,1,15,12,18
2/25/18,Allianz Football League Roinn 4,Leitrim,2,18,Limerick,1,9,24,12
2/25/18,Allianz Football League Roinn 4,Wicklow,0,10,Laois,1,16,10,19
2/25/18,Allianz Football League Roinn 4,London,0,13,Antrim,0,17,13,17
3/10/18,Allianz Football League Roinn 1,Tyrone,2,13,Donegal,1,10,19,13
3/10/18,Allianz Football League Roinn 2,Cavan,0,17,Down,0,14,17,14
3/10/18,Allianz Football League Roinn 3,Wexford,1,10,Offaly,1,13,13,16
3/10/18,Allianz Football League Roinn 3,Armagh,1,15,Derry,0,14,18,14
3/10/18,Allianz Football League Roinn 4,Limerick,2,10,Waterford,2,9,16,15
3/10/18,Allianz Football League Roinn 4,Carlow,1,17,Wicklow,0,12,20,12
3/11/18,Allianz Football League Roinn 2,Tipperary,2,17,Louth,0,9,23,9
3/11/18,Allianz Football League Roinn 2,Clare,2,12,Roscommon,2,19,18,25
3/11/18,Allianz Football League Roinn 2,Meath,1,15,Cork,2,16,18,22
3/11/18,Allianz Football League Roinn 3,Sligo,0,18,Longford,2,12,18,18
3/11/18,Allianz Football League Roinn 3,Westmeath,0,14,Fermanagh,1,9,14,12
3/11/18,Allianz Football League Roinn 4,London,2,9,Laois,0,17,15,17
3/17/18,Allianz Football League Roinn 1,Kerry,0,19,Kildare,0,14,19,14
3/17/18,Allianz Football League Roinn 2,Cork,0,12,Clare,0,14,12,14
3/18/18,Allianz Football League Roinn 1,Galway,0,13,Dublin,0,13,13,13
3/18/18,Allianz Football League Roinn 1,Monaghan,1,16,Donegal,1,10,19,13
3/18/18,Allianz Football League Roinn 1,Mayo,0,8,Tyrone,2,14,8,20
3/18/18,Allianz Football League Roinn 2,Roscommon,0,15,Cavan,0,13,15,13
3/18/18,Allianz Football League Roinn 3,Derry,2,20,Wexford,3,8,26,17
3/18/18,Allianz Football League Roinn 3,Longford,1,16,Westmeath,1,12,19,15
3/18/18,Allianz Football League Roinn 3,Fermanagh,0,7,Armagh,0,7,7,7
3/18/18,Allianz Football League Roinn 4,Antrim,0,12,Carlow,1,12,12,15
3/19/18,Allianz Football League Roinn 3,Offaly,0,8,Sligo,0,8,8,8
3/19/18,Allianz Football League Roinn 4,Waterford,0,0,Leitrim,0,0,0,0
3/19/18,Allianz Football League Roinn 4,Wicklow,0,0,Limerick,0,0,0,0
3/25/18,Allianz Football League Roinn 1,Dublin,0,17,Monaghan,2,12,17,18
3/25/18,Allianz Football League Roinn 1,Donegal,0,13,Mayo,0,13,13,13
3/25/18,Allianz Football League Roinn 1,Kildare,0,10,Galway,0,16,10,16
3/25/18,Allianz Football League Roinn 1,Tyrone,1,17,Kerry,0,14,20,14
3/25/18,Allianz Football League Roinn 2,Roscommon,0,17,Cork,1,11,17,14
3/25/18,Allianz Football League Roinn 2,Meath,4,14,Down,1,14,26,17
3/25/18,Allianz Football League Roinn 2,Clare,3,12,Louth,1,11,21,14
3/25/18,Allianz Football League Roinn 2,Cavan,0,17,Tipperary,2,10,17,16
3/25/18,Allianz Football League Roinn 3,Wexford,0,12,Armagh,1,8,12,11
3/25/18,Allianz Football League Roinn 3,Longford,1,9,Fermanagh,1,10,12,13
3/25/18,Allianz Football League Roinn 3,Sligo,3,11,Derry,2,12,20,18
3/25/18,Allianz Football League Roinn 3,Westmeath,1,14,Offaly,1,20,17,23
3/25/18,Allianz Football League Roinn 4,Carlow,0,8,Laois,1,6,8,9
3/25/18,Allianz Football League Roinn 4,London,1,14,Waterford,1,16,17,19
3/25/18,Allianz Football League Roinn 4,Limerick,0,12,Antrim,1,13,12,16
3/25/18,Allianz Football League Roinn 4,Leitrim,2,15,Wicklow,0,10,21,10
3/31/18,Allianz Football League Roinn 2,Down,2,11,Tipperary,1,11,17,14
3/31/18,Allianz Football League Roinn 2,Louth,0,7,Meath,1,12,7,15
3/31/18,Allianz Football League Roinn 3,Armagh,1,16,Fermanagh,0,17,19,17
3/31/18,Allianz Football League Roinn 4,Carlow,0,11,Laois,0,15,11,15
4/1/18,Allianz Football League Roinn 1,Dublin,0,18,Galway,0,14,18,14
4/1/18,Allianz Football League Roinn 2,Cavan,4,12,Roscommon,4,16,24,28
5/6/18,Connacht GAA Football Senior Championship,London,1,11,Sligo,1,21,14,24
5/6/18,Connacht GAA Football Senior Championship,New_york,1,15,Leitrim,0,19,18,19
5/12/18,Leinster GAA Football Senior Championship,Wexford,1,18,Laois,2,21,21,27
5/13/18,Connacht GAA Football Senior Championship,Mayo,0,12,Galway,1,12,12,15
5/13/18,Leinster GAA Football Senior Championship,Louth,0,12,Carlow,2,17,12,23
5/13/18,Leinster GAA Football Senior Championship,Offaly,1,15,Wicklow,1,20,18,23
5/13/18,Ulster GAA Football Senior Championship,Donegal,2,20,Cavan,1,15,26,18
5/19/18,Munster GAA Football Senior Championship,Limerick,0,14,Clare,1,23,14,26
5/19/18,Munster GAA Football Senior Championship,Tipperary,0,20,Waterford,0,9,20,9
5/19/18,Ulster GAA Football Senior Championship,Fermanagh,0,12,Armagh,0,7,12,7
5/20/18,Ulster GAA Football Senior Championship,Tyrone,1,16,Monaghan,1,18,19,21
5/26/18,Connacht GAA Football Senior Championship,Leitrim,0,10,Roscommon,0,24,10,24
5/26/18,Leinster GAA Football Senior Championship,Westmeath,1,12,Laois,4,13,15,25
5/26/18,Munster GAA Football Senior Championship,Tipperary,0,9,Cork,1,17,9,20
5/26/18,Ulster GAA Football Senior Championship,Down,1,18,Antrim,1,14,21,17
5/27/18,Leinster GAA Football Senior Championship,Kildare,1,10,Carlow,2,14,13,20
5/27/18,Leinster GAA Football Senior Championship,Longford,0,16,Meath,0,14,16,14
5/27/18,Leinster GAA Football Senior Championship,Dublin,4,25,Wicklow,1,11,37,14
5/27/18,Ulster GAA Football Senior Championship,Derry,0,16,Donegal,2,16,16,22
6/3/18,Connacht GAA Football Senior Championship,Galway,4,24,Sligo,1,12,36,15
6/3/18,Munster GAA Football Senior Championship,Kerry,0,32,Clare,0,10,32,10
6/3/18,Ulster GAA Football Senior Championship,Fermanagh,1,8,Monaghan,0,10,11,10
6/9/18,GAA Football All-Ireland Senior Championship,Wexford,1,18,Waterford,3,14,21,23
6/9/18,GAA Football All-Ireland Senior Championship,Derry,2,14,Kildare,2,22,20,28
6/9/18,GAA Football All-Ireland Senior Championship,Meath,0,19,Tyrone,2,14,19,20
6/9/18,GAA Football All-Ireland Senior Championship,Limerick,3,7,Mayo,5,19,16,34
6/9/18,GAA Football All-Ireland Senior Championship,Offaly,2,20,Antrim,1,15,26,18
6/9/18,GAA Football All-Ireland Senior Championship,Wicklow,1,5,Cavan,2,16,8,22
6/9/18,GAA Football All-Ireland Senior Championship,Westmeath,1,11,Armagh,3,16,14,25
6/10/18,GAA Football All-Ireland Senior Championship,London,1,19,Louth,2,26,22,32
6/10/18,Leinster GAA Football Senior Championship,Carlow,0,8,Laois,0,12,8,12
6/10/18,Leinster GAA Football Senior Championship,Dublin,2,25,Longford,0,12,31,12
6/10/18,Ulster GAA Football Senior Championship,Donegal,2,22,Down,1,12,28,15
6/17/18,Connacht GAA Football Senior Championship,Roscommon,2,6,Galway,0,16,12,16
6/23/18,GAA Football All-Ireland Senior Championship,Waterford,0,9,Monaghan,5,21,9,36
6/23/18,GAA Football All-Ireland Senior Championship,Carlow,1,10,Tyrone,4,13,13,25
6/23/18,GAA Football All-Ireland Senior Championship,Cavan,1,14,Down,0,15,17,15
6/23/18,GAA Football All-Ireland Senior Championship,Tipperary,1,11,Mayo,1,19,14,22
6/23/18,GAA Football All-Ireland Senior Championship,Sligo,1,13,Armagh,1,19,16,22
6/23/18,GAA Football All-Ireland Senior Championship,Longford,1,13,Kildare,1,16,16,19
6/23/18,GAA Football All-Ireland Senior Championship,Leitrim,0,25,Louth,1,12,25,15
6/23/18,Munster GAA Football Senior Championship,Cork,2,4,Kerry,3,18,10,27
6/24/18,GAA Football All-Ireland Senior Championship,Offaly,2,14,Clare,1,19,20,22
6/24/18,Leinster GAA Football Senior Championship,Dublin,1,25,Laois,0,10,28,10
6/24/18,Ulster GAA Football Senior Championship,Donegal,2,18,Fermanagh,0,12,24,12
6/30/18,GAA Football All-Ireland Senior Championship,Leitrim,0,9,Monaghan,1,19,9,22
6/30/18,GAA Football All-Ireland Senior Championship,Armagh,2,16,Clare,1,15,22,18
6/30/18,GAA Football All-Ireland Senior Championship,Cavan,1,12,Tyrone,0,18,15,18
6/30/18,GAA Football All-Ireland Senior Championship,Kildare,0,21,Mayo,0,19,21,19
7/7/18,GAA Football All-Ireland Senior Championship,Roscommon,2,22,Armagh,1,19,28,22
7/7/18,GAA Football All-Ireland Senior Championship,Cork,0,13,Tyrone,3,20,13,29
7/7/18,GAA Football All-Ireland Senior Championship,Tipperary,0,18,Kildare,3,20,18,29
7/8/18,GAA Football All-Ireland Senior Championship,Laois,1,11,Monaghan,0,19,14,19
7/14/18,GAA Football All-Ireland Senior Championship,Tyrone,4,24,Roscommon,2,12,36,18
7/14/18,GAA Football All-Ireland Senior Championship,Dublin,2,15,Donegal,0,16,21,16
7/15/18,GAA Football All-Ireland Senior Championship,Kildare,1,10,Monaghan,0,15,13,15
7/15/18,GAA Football All-Ireland Senior Championship,Kerry,1,10,Galway,1,13,13,16
7/21/18,GAA Football All-Ireland Senior Championship,Roscommon,0,13,Donegal,0,20,13,20
7/21/18,GAA Football All-Ireland Senior Championship,Tyrone,0,14,Dublin,1,14,14,17
7/22/18,GAA Football All-Ireland Senior Championship,Kildare,0,16,Galway,0,19,16,19
7/22/18,GAA Football All-Ireland Senior Championship,Monaghan,1,17,Kerry,1,17,20,20
8/4/18,GAA Football All-Ireland Senior Championship,Kerry,3,25,Kildare,2,16,34,22
8/4/18,GAA Football All-Ireland Senior Championship,Galway,0,8,Monaghan,0,16,8,16
8/5/18,GAA Football All-Ireland Senior Championship,Donegal,1,13,Tyrone,2,17,16,23
8/5/18,GAA Football All-Ireland Senior Championship,Dublin,4,24,Roscommon,2,16,36,22
8/11/18,GAA Football All-Ireland Senior Championship,Dublin,1,24,Galway,2,12,27,18
8/12/18,GAA Football All-Ireland Senior Championship,Monaghan,0,15,Tyrone,1,13,15,16
9/2/18,GAA Football All-Ireland Senior Championship,Dublin,2,17,Tyrone,1,14,23,17
1/26/19,Allianz Football League Roinn 1,Mayo,1,8,Roscommon,1,7,11,10
1/26/19,Allianz Football League Roinn 3,Down,1,12,Laois,2,15,15,21
1/26/19,Allianz Football League Roinn 4,Waterford,0,9,Wicklow,1,7,9,10
1/27/19,Allianz Football League Roinn 1,Monaghan,2,13,Dublin,1,13,19,16
1/27/19,Allianz Football League Roinn 1,Kerry,0,11,Tyrone,0,7,11,7
1/27/19,Allianz Football League Roinn 1,Galway,0,13,Cavan,0,11,13,11
1/27/19,Allianz Football League Roinn 2,Clare,0,13,Donegal,0,16,13,16
1/27/19,Allianz Football League Roinn 2,Kildare,0,14,Armagh,1,11,14,14
1/27/19,Allianz Football League Roinn 2,Fermanagh,0,8,Cork,1,5,8,8
1/27/19,Allianz Football League Roinn 2,Meath,0,15,Tipperary,1,8,15,11
1/27/19,Allianz Football League Roinn 3,Carlow,1,11,Sligo,0,7,14,7
1/27/19,Allianz Football League Roinn 3,Offaly,0,12,Westmeath,0,13,12,13
1/27/19,Allianz Football League Roinn 3,Louth,0,9,Longford,1,8,9,11
1/27/19,Allianz Football League Roinn 4,Antrim,1,9,Derry,1,10,12,13
1/27/19,Allianz Football League Roinn 4,London,0,10,Limerick,0,11,10,11
1/27/19,Allianz Football League Roinn 4,Leitrim,3,15,Wexford,0,11,24,11
2/2/19,Allianz Football League Roinn 1,Dublin,1,15,Galway,0,7,18,7
2/2/19,Allianz Football League Roinn 2,Donegal,1,13,Meath,0,14,16,14
2/2/19,Allianz Football League Roinn 3,Westmeath,1,10,Carlow,2,7,13,13
2/2/19,Allianz Football League Roinn 3,Laois,1,9,Louth,3,8,12,17
2/3/19,Allianz Football League Roinn 1,Cavan,0,13,Kerry,0,16,13,16
2/3/19,Allianz Football League Roinn 1,Roscommon,1,12,Monaghan,0,13,15,13
2/3/19,Allianz Football League Roinn 1,Tyrone,0,10,Mayo,2,13,10,19
2/3/19,Allianz Football League Roinn 2,Cork,0,10,Kildare,1,10,10,13
2/3/19,Allianz Football League Roinn 2,Armagh,1,13,Clare,2,10,16,16
2/3/19,Allianz Football League Roinn 2,Tipperary,2,5,Fermanagh,2,5,11,11
2/3/19,Allianz Football League Roinn 3,Longford,1,6,Offaly,0,9,9,9
2/3/19,Allianz Football League Roinn 3,Sligo,1,10,Down,1,12,13,15
2/3/19,Allianz Football League Roinn 4,Derry,0,19,London,1,9,19,12
2/3/19,Allianz Football League Roinn 4,Limerick,1,13,Waterford,0,10,16,10
2/3/19,Allianz Football League Roinn 4,Wexford,1,10,Antrim,0,9,13,9
2/3/19,Allianz Football League Roinn 4,Wicklow,1,12,Leitrim,1,16,15,19
2/9/19,Allianz Football League Roinn 1,Kerry,1,18,Dublin,2,14,21,20
2/9/19,Allianz Football League Roinn 1,Mayo,1,13,Cavan,0,11,16,11
2/9/19,Allianz Football League Roinn 2,Fermanagh,0,8,Kildare,0,6,8,6
2/9/19,Allianz Football League Roinn 3,Down,0,10,Westmeath,0,9,10,9
2/10/19,Allianz Football League Roinn 1,Roscommon,1,10,Tyrone,1,10,13,13
2/10/19,Allianz Football League Roinn 1,Monaghan,0,11,Galway,1,9,11,12
2/10/19,Allianz Football League Roinn 2,Clare,3,13,Cork,1,10,22,13
2/10/19,Allianz Football League Roinn 2,Tipperary,3,9,Donegal,0,13,18,13
2/10/19,Allianz Football League Roinn 2,Meath,2,13,Armagh,0,13,19,13
2/10/19,Allianz Football League Roinn 3,Laois,2,18,Sligo,2,10,24,16
2/10/19,Allianz Football League Roinn 3,Carlow,0,9,Longford,1,11,9,14
2/10/19,Allianz Football League Roinn 3,Offaly,2,8,Louth,2,10,14,16
2/10/19,Allianz Football League Roinn 4,Waterford,1,8,Derry,2,13,11,19
2/10/19,Allianz Football League Roinn 4,London,2,10,Wexford,0,8,16,8
2/10/19,Allianz Football League Roinn 4,Leitrim,0,14,Antrim,1,10,14,13
2/10/19,Allianz Football League Roinn 4,Wicklow,2,8,Limerick,1,6,14,9
2/23/19,Allianz Football League Roinn 1,Dublin,1,12,Mayo,0,7,15,7
2/23/19,Allianz Football League Roinn 1,Tyrone,1,16,Monaghan,0,12,19,12
2/23/19,Allianz Football League Roinn 2,Cork,1,9,Meath,2,12,12,18
2/23/19,Allianz Football League Roinn 4,Limerick,0,11,Leitrim,0,12,11,12
2/24/19,Allianz Football League Roinn 1,Galway,1,10,Kerry,0,14,13,14
2/24/19,Allianz Football League Roinn 1,Cavan,3,13,Roscommon,0,13,22,13
2/24/19,Allianz Football League Roinn 2,Kildare,1,16,Clare,0,13,19,13
2/24/19,Allianz Football League Roinn 2,Armagh,1,15,Tipperary,0,12,18,12
2/24/19,Allianz Football League Roinn 2,Donegal,0,10,Fermanagh,0,13,10,13
2/24/19,Allianz Football League Roinn 3,Longford,0,8,Down,3,7,8,16
2/24/19,Allianz Football League Roinn 3,Louth,5,16,Sligo,0,16,31,16
2/24/19,Allianz Football League Roinn 3,Westmeath,0,13,Laois,0,10,13,10
2/24/19,Allianz Football League Roinn 3,Offaly,0,15,Carlow,1,9,15,12
2/24/19,Allianz Football League Roinn 4,Antrim,1,13,London,1,8,16,11
2/24/19,Allianz Football League Roinn 4,Wexford,0,12,Waterford,4,5,12,17
2/24/19,Allianz Football League Roinn 4,Derry,2,8,Wicklow,0,9,14,9
3/2/19,Allianz Football League Roinn 1,Tyrone,1,15,Cavan,0,9,18,9
3/2/19,Allianz Football League Roinn 1,Mayo,0,12,Galway,1,11,12,14
3/2/19,Allianz Football League Roinn 2,Tipperary,0,12,Cork,1,12,12,15
3/2/19,Allianz Football League Roinn 2,Donegal,1,9,Armagh,0,11,12,11
3/2/19,Allianz Football League Roinn 3,Carlow,1,10,Louth,0,12,13,12
3/2/19,Allianz Football League Roinn 3,Laois,0,14,Longford,0,12,14,12
3/2/19,Allianz Football League Roinn 3,Down,2,12,Offaly,0,10,18,10
3/2/19,Allianz Football League Roinn 4,Waterford,1,9,Antrim,1,8,12,11
3/2/19,Allianz Football League Roinn 4,Limerick,1,5,Derry,0,13,8,13
3/2/19,Allianz Football League Roinn 4,Wicklow,0,9,Wexford,0,12,9,12
3/3/19,Allianz Football League Roinn 1,Roscommon,1,12,Dublin,2,14,15,20
3/3/19,Allianz Football League Roinn 1,Kerry,0,17,Monaghan,0,13,17,13
3/3/19,Allianz Football League Roinn 2,Meath,1,9,Kildare,1,8,12,11
3/3/19,Allianz Football League Roinn 2,Fermanagh,0,12,Clare,0,9,12,9
3/3/19,Allianz Football League Roinn 3,Sligo,1,10,Westmeath,3,12,13,21
3/3/19,Allianz Football League Roinn 4,Leitrim,1,9,London,0,7,12,7
3/16/19,Allianz Football League Roinn 1,Monaghan,0,14,Cavan,1,8,14,11
3/16/19,Allianz Football League Roinn 1,Galway,1,17,Roscommon,1,10,20,13
3/16/19,Allianz Football League Roinn 1,Kerry,0,11,Mayo,1,10,11,13
3/16/19,Allianz Football League Roinn 1,Dublin,1,11,Tyrone,1,14,14,17
3/16/19,Allianz Football League Roinn 2,Cork,1,12,Donegal,1,19,15,22
3/16/19,Allianz Football League Roinn 2,Kildare,1,11,Tipperary,2,7,14,13
3/16/19,Allianz Football League Roinn 2,Armagh,1,9,Fermanagh,0,6,12,6
3/16/19,Allianz Football League Roinn 3,Offaly,0,15,Laois,2,12,15,18
3/16/19,Allianz Football League Roinn 3,Longford,2,15,Sligo,0,14,21,14
3/16/19,Allianz Football League Roinn 3,Carlow,1,11,Down,0,15,14,15
3/16/19,Allianz Football League Roinn 4,London,0,7,Waterford,2,9,7,15
3/16/19,Allianz Football League Roinn 4,Antrim,2,15,Wicklow,0,10,21,10
3/16/19,Allianz Football League Roinn 4,Wexford,0,14,Limerick,1,10,14,13
3/16/19,Allianz Football League Roinn 4,Derry,2,16,Leitrim,1,12,22,15
3/17/19,Allianz Football League Roinn 2,Clare,1,7,Meath,1,12,10,15
3/23/19,Allianz Football League Roinn 4,Leitrim,1,20,Waterford,2,9,23,15
3/23/19,Allianz Football League Roinn 4,Derry,3,21,Wexford,4,16,30,28
3/24/19,Allianz Football League Roinn 1,Cavan,1,10,Dublin,1,16,13,19
3/24/19,Allianz Football League Roinn 1,Tyrone,3,15,Galway,1,14,24,17
3/24/19,Allianz Football League Roinn 1,Roscommon,0,13,Kerry,2,17,13,23
3/24/19,Allianz Football League Roinn 1,Mayo,3,15,Monaghan,1,18,24,21
3/24/19,Allianz Football League Roinn 2,Tipperary,1,19,Clare,3,15,22,24
3/24/19,Allianz Football League Roinn 2,Meath,2,12,Fermanagh,0,11,18,11
3/24/19,Allianz Football League Roinn 2,Armagh,1,14,Cork,3,9,17,18
3/24/19,Allianz Football League Roinn 2,Donegal,1,20,Kildare,0,10,23,10
3/24/19,Allianz Football League Roinn 3,Sligo,1,10,Offaly,1,11,13,14
3/24/19,Allianz Football League Roinn 3,Westmeath,1,14,Longford,1,10,17,13
3/24/19,Allianz Football League Roinn 3,Down,1,6,Louth,0,10,9,10
3/24/19,Allianz Football League Roinn 3,Laois,1,15,Carlow,1,12,18,15
3/24/19,Allianz Football League Roinn 4,Wicklow,0,8,London,0,6,8,6
3/24/19,Allianz Football League Roinn 4,Limerick,1,11,Antrim,2,12,14,18
3/30/19,Allianz Football League Roinn 2,Donegal,1,17,Meath,1,15,20,18
3/30/19,Allianz Football League Roinn 3,Louth,2,7,Westmeath,1,10,13,13
3/30/19,Allianz Football League Roinn 4,Derry,0,20,Leitrim,0,16,20,16
3/31/19,Allianz Football League Roinn 1,Kerry,2,10,Mayo,3,11,16,20
4/6/19,Allianz Football League Roinn 3,Laois,0,13,Westmeath,1,13,13,16
5/5/19,Connacht GAA Football Senior Championship,New_york,0,4,Mayo,1,22,4,25
5/5/19,Connacht GAA Football Senior Championship,London,1,9,Galway,0,16,12,16
5/11/19,Leinster GAA Football Senior Championship,Wicklow,1,10,Kildare,0,15,13,15
5/11/19,Munster GAA Football Senior Championship,Tipperary,1,10,Limerick,3,11,13,20
5/11/19,Munster GAA Football Senior Championship,Clare,0,9,Waterford,0,8,9,8
5/12/19,Leinster GAA Football Senior Championship,Meath,1,13,Offaly,0,14,16,14
5/12/19,Leinster GAA Football Senior Championship,Wexford,1,14,Louth,0,22,17,22
5/12/19,Ulster GAA Football Senior Championship,Tyrone,1,19,Derry,1,13,22,16
5/18/19,Ulster GAA Football Senior Championship,Cavan,1,13,Monaghan,0,12,16,12
5/19/19,Connacht GAA Football Senior Championship,Sligo,0,7,Galway,3,11,7,20
5/19/19,Ulster GAA Football Senior Championship,Down,3,13,Armagh,3,17,22,26
5/25/19,Connacht GAA Football Senior Championship,Mayo,0,17,Roscommon,2,12,17,18
5/25/19,Leinster GAA Football Senior Championship,Carlow,0,9,Meath,2,18,9,24
5/25/19,Leinster GAA Football Senior Championship,Dublin,5,21,Louth,0,10,36,10
5/25/19,Ulster GAA Football Senior Championship,Antrim,2,9,Tyrone,2,23,15,29
5/26/19,Leinster GAA Football Senior Championship,Westmeath,0,10,Laois,0,12,10,12
5/26/19,Leinster GAA Football Senior Championship,Longford,3,15,Kildare,1,21,24,24
5/26/19,Ulster GAA Football Senior Championship,Fermanagh,0,9,Donegal,0,15,9,15
6/1/19,Munster GAA Football Senior Championship,Cork,3,18,Limerick,0,6,27,6
6/1/19,Munster GAA Football Senior Championship,Clare,0,12,Kerry,1,15,12,18
6/2/19,Leinster GAA Football Senior Championship,Kildare,1,18,Longford,0,10,21,10
6/2/19,Munster GAA Football Senior Championship,Cork,1,7,Limerick,2,10,10,16
6/2/19,Ulster GAA Football Senior Championship,Cavan,0,17,Armagh,1,14,17,17
6/8/19,GAA Football All-Ireland Senior Championship,Offaly,1,21,London,1,11,24,14
6/8/19,GAA Football All-Ireland Senior Championship,Leitrim,0,15,Wicklow,0,13,15,13
6/8/19,GAA Football All-Ireland Senior Championship,Wexford,0,10,Derry,4,16,10,28
6/8/19,GAA Football All-Ireland Senior Championship,Louth,1,11,Antrim,2,16,14,22
6/8/19,Ulster GAA Football Senior Championship,Tyrone,0,15,Donegal,1,16,15,19
6/9/19,GAA Football All-Ireland Senior Championship,Monaghan,1,10,Fermanagh,1,6,13,9
6/9/19,GAA Football All-Ireland Senior Championship,Down,1,13,Tipperary,1,10,16,13
6/9/19,GAA Football All-Ireland Senior Championship,Westmeath,1,22,Waterford,0,7,25,7
6/9/19,GAA Football All-Ireland Senior Championship,Carlow,0,7,Longford,2,11,7,17
6/9/19,Leinster GAA Football Senior Championship,Meath,3,13,Laois,0,11,22,11
6/9/19,Leinster GAA Football Senior Championship,Dublin,0,26,Kildare,0,11,26,11
6/9/19,Ulster GAA Football Senior Championship,Armagh,0,17,Cavan,0,23,17,23
6/16/19,Connacht GAA Football Senior Championship,Galway,0,12,Roscommon,1,13,12,16
6/22/19,GAA Football All-Ireland Senior Championship,Antrim,0,14,Kildare,1,25,14,28
6/22/19,GAA Football All-Ireland Senior Championship,Longford,1,14,Tyrone,2,15,17,21
6/22/19,GAA Football All-Ireland Senior Championship,Derry,0,12,Laois,1,13,12,16
6/22/19,GAA Football All-Ireland Senior Championship,Leitrim,0,17,Clare,3,17,17,26
6/22/19,GAA Football All-Ireland Senior Championship,Westmeath,2,13,Limerick,1,10,19,13
6/22/19,GAA Football All-Ireland Senior Championship,Monaghan,1,12,Armagh,2,17,15,23
6/22/19,GAA Football All-Ireland Senior Championship,Down,1,11,Mayo,1,16,14,19
6/22/19,Munster GAA Football Senior Championship,Cork,3,10,Kerry,1,19,19,22
6/23/19,GAA Football All-Ireland Senior Championship,Offaly,3,17,Sligo,0,15,26,15
6/23/19,Leinster GAA Football Senior Championship,Dublin,1,17,Meath,0,4,20,4
6/23/19,Ulster GAA Football Senior Championship,Cavan,2,16,Donegal,1,24,22,27
6/29/19,GAA Football All-Ireland Senior Championship,Kildare,1,15,Tyrone,2,22,18,28
6/29/19,GAA Football All-Ireland Senior Championship,Westmeath,0,15,Clare,1,13,15,16
6/29/19,GAA Football All-Ireland Senior Championship,Laois,0,20,Offaly,0,15,20,15
6/29/19,GAA Football All-Ireland Senior Championship,Mayo,2,13,Armagh,1,15,19,18
7/6/19,GAA Football All-Ireland Senior Championship,Cavan,0,7,Tyrone,1,20,7,23
7/6/19,GAA Football All-Ireland Senior Championship,Cork,4,20,Laois,1,15,32,18
7/6/19,GAA Football All-Ireland Senior Championship,Galway,1,13,Mayo,2,13,16,19
7/7/19,GAA Football All-Ireland Senior Championship,Meath,2,16,Clare,1,18,22,21
7/13/19,GAA Football All-Ireland Senior Championship,Roscommon,0,13,Tyrone,0,17,13,17
7/13/19,GAA Football All-Ireland Senior Championship,Dublin,5,18,Cork,1,17,33,20
7/14/19,GAA Football All-Ireland Senior Championship,Donegal,2,19,Meath,1,13,25,16
7/14/19,GAA Football All-Ireland Senior Championship,Kerry,1,22,Mayo,0,15,25,15
7/20/19,GAA Football All-Ireland Senior Championship,Cork,2,12,Tyrone,2,15,18,21
7/20/19,GAA Football All-Ireland Senior Championship,Dublin,2,26,Roscommon,0,14,32,14
7/21/19,GAA Football All-Ireland Senior Championship,Mayo,2,17,Meath,0,14,23,14
7/21/19,GAA Football All-Ireland Senior Championship,Kerry,1,20,Donegal,1,20,23,23
8/3/19,GAA Football All-Ireland Senior Championship,Mayo,1,14,Donegal,1,10,17,13
8/3/19,GAA Football All-Ireland Senior Championship,Meath,1,13,Kerry,2,18,16,24
8/4/19,GAA Football All-Ireland Senior Championship,Cork,3,9,Roscommon,4,9,18,21
8/4/19,GAA Football All-Ireland Senior Championship,Tyrone,0,13,Dublin,1,16,13,19
8/10/19,GAA Football All-Ireland Senior Championship,Dublin,3,14,Mayo,1,10,23,13
8/11/19,GAA Football All-Ireland Senior Championship,Kerry,1,18,Tyrone,1,18,21,21
9/1/19,GAA Football All-Ireland Senior Championship,Dublin,1,16,Kerry,1,16,19,19
9/14/19,GAA Football All-Ireland Senior Championship,Dublin,1,18,Kerry,0,15,21,15
1/25/20,Allianz Football League Roinn 1,Donegal,0,19,Mayo,2,13,19,19
1/25/20,Allianz Football League Roinn 1,Dublin,1,19,Kerry,1,19,22,22
1/25/20,Allianz Football League Roinn 2,Armagh,2,18,Cavan,1,8,24,11
1/25/20,Allianz Football League Roinn 3,Derry,2,11,Leitrim,1,14,17,17
1/25/20,Allianz Football League Roinn 3,Cork,0,20,Offaly,0,13,20,13
1/25/20,Allianz Football League Roinn 4,Waterford,0,10,Limerick,1,10,10,13
1/25/20,Allianz Football League Roinn 4,Carlow,0,11,Wicklow,0,9,11,9
1/26/20,Allianz Football League Roinn 1,Tyrone,1,14,Meath,1,9,17,12
1/26/20,Allianz Football League Roinn 1,Galway,1,14,Monaghan,0,16,17,16
1/26/20,Allianz Football League Roinn 2,Westmeath,2,9,Clare,1,11,15,14
1/26/20,Allianz Football League Roinn 2,Roscommon,2,14,Laois,2,14,20,20
1/26/20,Allianz Football League Roinn 2,Kildare,2,12,Fermanagh,0,14,18,14
1/26/20,Allianz Football League Roinn 3,Longford,0,16,Louth,1,10,16,13
1/26/20,Allianz Football League Roinn 3,Tipperary,0,10,Down,0,10,10,10
1/26/20,Allianz Football League Roinn 4,Antrim,3,10,Wexford,0,13,19,13
1/26/20,Allianz Football League Roinn 4,London,0,11,Sligo,5,9,11,24
2/1/20,Allianz Football League Roinn 1,Mayo,0,8,Dublin,1,11,8,14
2/1/20,Allianz Football League Roinn 1,Kerry,1,15,Galway,2,11,18,17
2/1/20,Allianz Football League Roinn 2,Laois,0,16,Armagh,0,10,16,10
2/1/20,Allianz Football League Roinn 2,Cavan,1,17,Westmeath,1,13,20,16
2/1/20,Allianz Football League Roinn 3,Down,0,14,Derry,0,12,14,12
2/1/20,Allianz Football League Roinn 4,Wexford,2,10,Carlow,1,6,16,9
2/2/20,Allianz Football League Roinn 1,Monaghan,1,12,Tyrone,0,11,15,11
2/2/20,Allianz Football League Roinn 1,Meath,0,7,Donegal,3,8,7,17
2/2/20,Allianz Football League Roinn 2,Clare,0,11,Kildare,0,10,11,10
2/2/20,Allianz Football League Roinn 2,Fermanagh,0,13,Roscommon,0,12,13,12
2/2/20,Allianz Football League Roinn 3,Leitrim,0,9,Cork,1,15,9,18
2/2/20,Allianz Football League Roinn 3,Louth,1,7,Tipperary,0,11,10,11
2/2/20,Allianz Football League Roinn 3,Offaly,0,10,Longford,0,10,10,10
2/2/20,Allianz Football League Roinn 4,Limerick,0,8,London,0,7,8,7
2/2/20,Allianz Football League Roinn 4,Sligo,0,15,Antrim,0,14,15,14
2/2/20,Allianz Football League Roinn 4,Wicklow,2,11,Waterford,1,6,17,9
2/8/20,Allianz Football League Roinn 1,Dublin,1,15,Monaghan,1,15,18,18
2/8/20,Allianz Football League Roinn 2,Armagh,0,16,Kildare,0,10,16,10
2/8/20,Allianz Football League Roinn 4,Waterford,0,8,Wexford,2,3,8,9
2/9/20,Allianz Football League Roinn 1,Meath,2,5,Mayo,1,9,11,12
2/9/20,Allianz Football League Roinn 1,Donegal,2,7,Galway,2,8,13,14
2/9/20,Allianz Football League Roinn 1,Tyrone,0,14,Kerry,0,13,14,13
2/9/20,Allianz Football League Roinn 2,Roscommon,1,8,Clare,4,0,11,12
2/9/20,Allianz Football League Roinn 2,Westmeath,0,10,Fermanagh,0,8,10,8
2/9/20,Allianz Football League Roinn 3,Derry,0,10,Tipperary,0,5,10,5
2/9/20,Allianz Football League Roinn 3,Cork,0,16,Down,1,8,16,11
2/9/20,Allianz Football League Roinn 3,Longford,2,14,Leitrim,1,9,20,12
2/9/20,Allianz Football League Roinn 4,Carlow,0,9,Limerick,1,7,9,10
2/9/20,Allianz Football League Roinn 4,London,0,10,Antrim,0,14,10,14
2/16/20,Allianz Football League Roinn 2,Laois,1,6,Cavan,3,10,9,19
2/16/20,Allianz Football League Roinn 3,Louth,2,10,Offaly,2,13,16,19
2/16/20,Allianz Football League Roinn 4,Wicklow,1,15,Sligo,1,10,18,13
2/22/20,Allianz Football League Roinn 1,Dublin,1,15,Donegal,1,14,18,17
2/22/20,Allianz Football League Roinn 2,Fermanagh,1,11,Cavan,2,11,14,17
2/22/20,Allianz Football League Roinn 3,Tipperary,0,21,Cork,3,13,21,22
2/22/20,Allianz Football League Roinn 3,Down,2,13,Longford,1,14,19,17
2/22/20,Allianz Football League Roinn 4,Sligo,0,16,Waterford,2,12,16,18
2/23/20,Allianz Football League Roinn 1,Kerry,1,19,Meath,2,13,22,19
2/23/20,Allianz Football League Roinn 1,Galway,2,25,Tyrone,0,12,31,12
2/23/20,Allianz Football League Roinn 1,Monaghan,2,16,Mayo,0,13,22,13
2/23/20,Allianz Football League Roinn 2,Westmeath,3,12,Armagh,2,15,21,21
2/23/20,Allianz Football League Roinn 2,Clare,1,11,Laois,1,12,14,15
2/23/20,Allianz Football League Roinn 2,Kildare,0,13,Roscommon,2,11,13,17
2/23/20,Allianz Football League Roinn 3,Derry,2,10,Louth,1,9,16,12
2/23/20,Allianz Football League Roinn 3,Leitrim,0,14,Offaly,2,16,14,22
2/23/20,Allianz Football League Roinn 4,Wexford,4,15,London,1,9,27,12
2/23/20,Allianz Football League Roinn 4,Limerick,5,10,Wicklow,1,14,25,17
2/23/20,Allianz Football League Roinn 4,Antrim,0,11,Carlow,1,8,11,11
2/29/20,Allianz Football League Roinn 1,Tyrone,1,10,Dublin,1,7,13,10
2/29/20,Allianz Football League Roinn 4,London,2,10,Wicklow,5,9,16,24
2/29/20,Allianz Football League Roinn 4,Wexford,1,9,Sligo,2,7,12,13
3/1/20,Allianz Football League Roinn 1,Mayo,1,13,Kerry,1,14,16,17
3/1/20,Allianz Football League Roinn 1,Donegal,2,12,Monaghan,0,8,18,8
3/1/20,Allianz Football League Roinn 1,Meath,1,12,Galway,1,14,15,17
3/1/20,Allianz Football League Roinn 2,Laois,0,10,Kildare,0,15,10,15
3/1/20,Allianz Football League Roinn 2,Roscommon,1,16,Westmeath,0,12,19,12
3/1/20,Allianz Football League Roinn 2,Cavan,0,15,Clare,1,14,15,17
3/1/20,Allianz Football League Roinn 3,Louth,1,12,Leitrim,3,14,15,23
3/1/20,Allianz Football League Roinn 3,Cork,3,13,Derry,3,11,22,20
3/1/20,Allianz Football League Roinn 3,Longford,0,9,Down,0,17,9,17
3/1/20,Allianz Football League Roinn 4,Antrim,2,21,Limerick,1,12,27,15
3/1/20,Allianz Football League Roinn 4,Waterford,2,14,Carlow,2,14,20,20
3/7/20,Allianz Football League Roinn 2,Fermanagh,0,10,Armagh,3,14,10,23
10/17/20,Allianz Football League Roinn 1,Monaghan,0,14,Kerry,0,17,14,17
10/17/20,Allianz Football League Roinn 1,Dublin,1,20,Meath,0,19,23,19
10/17/20,Allianz Football League Roinn 2,Westmeath,1,18,Laois,0,13,21,13
10/17/20,Allianz Football League Roinn 2,Armagh,0,15,Roscommon,3,10,15,19
10/17/20,Allianz Football League Roinn 3,Down,0,0,Leitrim,0,0,0,0
10/17/20,Allianz Football League Roinn 3,Cork,5,19,Louth,0,16,34,16
10/17/20,Allianz Football League Roinn 3,Derry,2,14,Longford,0,12,20,12
10/17/20,Allianz Football League Roinn 4,Wicklow,7,11,Antrim,0,7,32,7
10/17/20,Allianz Football League Roinn 4,Carlow,2,17,Sligo,2,15,23,21
10/18/20,Allianz Football League Roinn 1,Galway,0,17,Mayo,23,3,17,72
10/18/20,Allianz Football League Roinn 1,Donegal,2,17,Tyrone,2,13,23,19
10/18/20,Allianz Football League Roinn 2,Clare,1,11,Fermanagh,1,9,14,12
10/18/20,Allianz Football League Roinn 2,Kildare,1,21,Cavan,0,20,24,20
10/18/20,Allianz Football League Roinn 3,Tipperary,1,16,Offaly,0,16,19,16
10/18/20,Allianz Football League Roinn 4,Waterford,0,0,London,0,0,0,0
10/18/20,Allianz Football League Roinn 4,London,0,0,Carlow,0,0,0,0
10/18/20,Allianz Football League Roinn 4,Limerick,1,10,Wexford,1,13,13,16
10/24/20,Allianz Football League Roinn 1,Kerry,2,18,Donegal,0,10,24,10
10/24/20,Allianz Football League Roinn 2,Kildare,0,16,Westmeath,0,11,16,11
10/24/20,Allianz Football League Roinn 2,Cavan,0,13,Roscommon,1,12,13,15
10/24/20,Allianz Football League Roinn 2,Clare,1,13,Armagh,1,18,16,21
10/24/20,Allianz Football League Roinn 2,Fermanagh,1,11,Laois,3,12,14,21
10/24/20,Allianz Football League Roinn 4,Antrim,2,14,Waterford,0,13,20,13
10/24/20,Allianz Football League Roinn 4,Sligo,1,14,Limerick,1,16,17,19
10/24/20,Allianz Football League Roinn 4,Wexford,0,10,Wicklow,0,13,10,13
10/25/20,Allianz Football League Roinn 1,Galway,0,15,Dublin,2,15,15,21
10/25/20,Allianz Football League Roinn 1,Monaghan,2,14,Meath,1,17,20,20
10/25/20,Allianz Football League Roinn 1,Mayo,1,19,Tyrone,3,14,22,23
10/25/20,Allianz Football League Roinn 3,Longford,0,0,Cork,0,0,0,0
10/25/20,Allianz Football League Roinn 3,Offaly,1,10,Derry,1,12,13,15
10/25/20,Allianz Football League Roinn 3,Leitrim,0,15,Tipperary,2,11,15,17
10/25/20,Allianz Football League Roinn 3,Louth,3,14,Down,0,16,23,16
10/31/20,Munster GAA Football Senior Championship,Wexford,0,9,Limerick,2,14,9,20
10/31/20,Ulster GAA Football Senior Championship,Monaghan,1,17,Cavan,2,15,20,21
11/1/20,Connacht GAA Football Senior Championship,Leitrim,0,10,Mayo,2,15,10,21
11/1/20,Leinster GAA Football Senior Championship,Louth,1,7,Longford,1,9,10,12
11/1/20,Leinster GAA Football Senior Championship,Wexford,0,11,Wicklow,2,9,11,15
11/1/20,Leinster GAA Football Senior Championship,Offaly,3,14,Carlow,0,20,23,20
11/1/20,Munster GAA Football Senior Championship,Tipperary,2,11,Clare,1,11,17,14
11/1/20,Ulster GAA Football Senior Championship,Donegal,1,13,Tyrone,1,11,16,14
11/1/20,Ulster GAA Football Senior Championship,Derry,0,15,Armagh,0,17,15,17
11/7/20,Connacht GAA Football Senior Championship,Galway,0,0,Sligo,0,0,0,0
11/7/20,Leinster GAA Football Senior Championship,Westmeath,0,11,Dublin,0,22,11,22
11/7/20,Munster GAA Football Senior Championship,Limerick,2,11,Tipperary,1,15,17,18
11/7/20,Ulster GAA Football Senior Championship,Cavan,0,13,Antrim,0,9,13,9
11/8/20,Connacht GAA Football Senior Championship,Roscommon,0,13,Mayo,1,16,13,19
11/8/20,Leinster GAA Football Senior Championship,Longford,1,14,Laois,1,16,17,19
11/8/20,Leinster GAA Football Senior Championship,Wicklow,0,7,Meath,7,14,7,35
11/8/20,Leinster GAA Football Senior Championship,Kildare,0,20,Offaly,0,16,20,16
11/8/20,Munster GAA Football Senior Championship,Cork,1,12,Kerry,0,13,15,13
11/8/20,Ulster GAA Football Senior Championship,Fermanagh,0,11,Down,1,15,11,18
11/14/20,Ulster GAA Football Senior Championship,Donegal,1,22,Armagh,0,13,25,13
11/15/20,Connacht GAA Football Senior Championship,Galway,0,13,Mayo,0,14,13,14
11/15/20,Leinster GAA Football Senior Championship,Meath,5,9,Kildare,0,15,24,15
11/15/20,Leinster GAA Football Senior Championship,Dublin,2,23,Laois,0,7,29,7
11/15/20,Ulster GAA Football Senior Championship,Cavan,1,14,Down,1,13,17,16
11/21/20,Leinster GAA Football Senior Championship,Dublin,3,21,Meath,0,9,30,9
11/22/20,Munster GAA Football Senior Championship,Cork,0,14,Tipperary,0,17,14,17
11/22/20,Ulster GAA Football Senior Championship,Cavan,1,13,Donegal,0,12,16,12
12/5/20,GAA Football All-Ireland Senior Championship,Cavan,0,12,Dublin,1,24,12,27
12/6/20,GAA Football All-Ireland Senior Championship,Mayo,5,20,Tipperary,3,13,35,22
12/19/20,GAA Football All-Ireland Senior Championship,Dublin,2,14,Mayo,0,15,20,15
5/15/21,Allianz Football League Roinn 1,Kerry,4,21,Galway,0,11,33,11
5/15/21,Allianz Football League Roinn 1,Tyrone,0,16,Donegal,0,18,16,18
5/15/21,Allianz Football League Roinn 2,Mayo,2,21,Down,1,11,27,14
5/15/21,Allianz Football League Roinn 2,Cork,0,14,Kildare,2,12,14,18
5/15/21,Allianz Football League Roinn 3,Longford,0,5,Derry,0,21,5,21
5/15/21,Allianz Football League Roinn 3,Limerick,1,13,Tipperary,0,14,16,14
5/15/21,Allianz Football League Roinn 3,Fermanagh,0,15,Cavan,0,14,15,14
5/15/21,Allianz Football League Roinn 4,Louth,3,8,Antrim,1,15,17,18
5/15/21,Allianz Football League Roinn 4,Waterford,0,10,Carlow,3,16,10,25
5/16/21,Allianz Football League Roinn 1,Roscommon,0,16,Dublin,1,22,16,25
5/16/21,Allianz Football League Roinn 1,Monaghan,1,12,Armagh,1,16,15,19
5/16/21,Allianz Football League Roinn 2,Meath,0,16,Westmeath,0,15,16,15
5/16/21,Allianz Football League Roinn 2,Clare,1,16,Laois,0,12,19,12
5/16/21,Allianz Football League Roinn 3,Wicklow,1,10,Offaly,1,14,13,17
5/16/21,Allianz Football League Roinn 4,Sligo,2,19,Leitrim,0,18,25,18
5/22/21,Allianz Football League Roinn 1,Donegal,1,20,Monaghan,4,11,23,23
5/22/21,Allianz Football League Roinn 1,Armagh,2,10,Tyrone,2,15,16,21
5/22/21,Allianz Football League Roinn 2,Westmeath,2,12,Mayo,0,21,18,21
5/22/21,Allianz Football League Roinn 2,Laois,0,10,Cork,2,12,10,18
5/22/21,Allianz Football League Roinn 3,Offaly,0,16,Limerick,1,11,16,14
5/22/21,Allianz Football League Roinn 3,Tipperary,2,12,Wicklow,1,12,18,15
5/22/21,Allianz Football League Roinn 3,Derry,5,13,Fermanagh,0,9,28,9
5/22/21,Allianz Football League Roinn 3,Cavan,1,19,Longford,1,13,22,16
5/22/21,Allianz Football League Roinn 4,Wexford,0,18,Waterford,2,13,18,19
5/23/21,Allianz Football League Roinn 1,Dublin,4,9,Kerry,1,18,21,21
5/23/21,Allianz Football League Roinn 1,Galway,2,16,Roscommon,1,13,22,16
5/23/21,Allianz Football League Roinn 2,Kildare,0,13,Clare,1,13,13,16
5/23/21,Allianz Football League Roinn 2,Down,0,14,Meath,2,15,14,21
5/23/21,Allianz Football League Roinn 4,Leitrim,0,10,Louth,0,19,10,19
5/23/21,Allianz Football League Roinn 4,Antrim,3,13,Sligo,3,12,22,21
5/29/21,Allianz Football League Roinn 1,Armagh,1,16,Donegal,1,16,19,19
5/29/21,Allianz Football League Roinn 1,Tyrone,0,14,Monaghan,0,14,14,14
5/29/21,Allianz Football League Roinn 3,Cavan,2,11,Derry,1,16,17,19
5/29/21,Allianz Football League Roinn 3,Fermanagh,1,15,Longford,0,18,18,18
5/29/21,Allianz Football League Roinn 3,Offaly,1,17,Tipperary,1,12,20,15
5/29/21,Allianz Football League Roinn 3,Wicklow,1,12,Limerick,2,19,15,25
5/29/21,Allianz Football League Roinn 4,Carlow,2,12,Wexford,2,11,18,17
5/30/21,Allianz Football League Roinn 1,Roscommon,1,12,Kerry,2,15,15,21
5/30/21,Allianz Football League Roinn 1,Galway,1,15,Dublin,2,16,18,22
5/30/21,Allianz Football League Roinn 2,Mayo,3,17,Meath,2,12,26,18
5/30/21,Allianz Football League Roinn 2,Westmeath,1,9,Down,0,13,12,13
5/30/21,Allianz Football League Roinn 2,Laois,1,8,Kildare,2,18,11,24
5/30/21,Allianz Football League Roinn 2,Clare,1,18,Cork,0,22,21,22
5/30/21,Allianz Football League Roinn 4,Antrim,2,17,Leitrim,1,19,23,22
5/30/21,Allianz Football League Roinn 4,Louth,3,18,Sligo,1,14,27,17
6/12/21,Allianz Football League Roinn 1,Tyrone,1,13,Kerry,6,16,16,34
6/12/21,Allianz Football League Roinn 1,Donegal,1,14,Dublin,1,18,17,21
6/12/21,Allianz Football League Roinn 2,Cork,3,22,Westmeath,0,25,31,25
6/12/21,Allianz Football League Roinn 2,Down,2,19,Laois,2,12,25,18
6/12/21,Allianz Football League Roinn 3,Cavan,0,18,Wicklow,3,11,18,20
6/12/21,Allianz Football League Roinn 3,Derry,0,17,Limerick,0,13,17,13
6/12/21,Allianz Football League Roinn 3,Offaly,1,14,Fermanagh,0,12,17,12
6/12/21,Allianz Football League Roinn 4,Carlow,1,15,Louth,1,23,18,26
6/13/21,Allianz Football League Roinn 1,Armagh,1,17,Roscommon,0,11,20,11
6/13/21,Allianz Football League Roinn 1,Monaghan,1,21,Galway,2,17,24,23
6/13/21,Allianz Football League Roinn 2,Clare,2,18,Mayo,2,22,24,28
6/13/21,Allianz Football League Roinn 2,Kildare,1,14,Meath,0,14,17,14
6/13/21,Allianz Football League Roinn 3,Longford,1,13,Tipperary,0,9,16,9
6/13/21,Allianz Football League Roinn 4,Waterford,0,11,Antrim,1,15,11,18
6/13/21,Allianz Football League Roinn 4,Sligo,0,9,Wexford,2,15,9,21
6/19/21,Allianz Football League Roinn 3,Derry,0,21,Offaly,1,6,21,9
6/26/21,Connacht GAA Football Senior Championship,Sligo,0,12,Mayo,3,23,12,32
6/26/21,Munster GAA Football Senior Championship,Limerick,4,18,Waterford,0,12,30,12
6/26/21,Munster GAA Football Senior Championship,Kerry,3,22,Clare,1,11,31,14
6/27/21,Leinster GAA Football Senior Championship,Offaly,3,19,Louth,0,19,28,19
6/27/21,Leinster GAA Football Senior Championship,Wicklow,0,14,Wexford,2,11,14,17
6/27/21,Leinster GAA Football Senior Championship,Carlow,2,13,Longford,0,25,19,25
6/27/21,Ulster GAA Football Senior Championship,Down,1,12,Donegal,2,25,15,31
7/3/21,Ulster GAA Football Senior Championship,Monaghan,1,21,Fermanagh,0,14,24,14
7/4/21,Connacht GAA Football Senior Championship,Roscommon,0,12,Galway,2,11,12,17
7/4/21,Leinster GAA Football Senior Championship,Laois,1,10,Westmeath,3,20,13,29
7/4/21,Leinster GAA Football Senior Championship,Meath,4,22,Longford,0,12,34,12
7/4/21,Leinster GAA Football Senior Championship,Wexford,0,7,Dublin,0,15,7,15
7/4/21,Leinster GAA Football Senior Championship,Kildare,1,15,Offaly,0,13,18,13
7/4/21,Ulster GAA Football Senior Championship,Armagh,4,15,Antrim,0,14,27,14
7/10/21,Munster GAA Football Senior Championship,Limerick,0,11,Cork,1,16,11,19
7/10/21,Munster GAA Football Senior Championship,Tipperary,1,8,Kerry,1,19,11,22
7/10/21,Ulster GAA Football Senior Championship,Tyrone,1,18,Cavan,0,13,21,13
7/11/21,Connacht GAA Football Senior Championship,Mayo,5,20,Leitrim,0,11,35,11
7/11/21,Ulster GAA Football Senior Championship,Donegal,0,16,Derry,0,15,16,15
7/17/21,Ulster GAA Football Senior Championship,Armagh,2,21,Monaghan,4,17,27,29
7/18/21,Leinster GAA Football Senior Championship,Kildare,2,14,Westmeath,0,18,20,18
7/18/21,Leinster GAA Football Senior Championship,Dublin,2,16,Meath,1,13,22,16
7/18/21,Ulster GAA Football Senior Championship,Tyrone,0,23,Donegal,1,14,23,17
7/25/21,Connacht GAA Football Senior Championship,Galway,2,8,Mayo,2,14,14,20
7/25/21,Munster GAA Football Senior Championship,Kerry,4,22,Cork,1,9,34,12
7/31/21,Ulster GAA Football Senior Championship,Monaghan,0,15,Tyrone,0,16,15,16
8/1/21,Leinster GAA Football Senior Championship,Dublin,0,20,Kildare,1,9,20,12
8/14/21,GAA Football All-Ireland Senior Championship,Dublin,0,14,Mayo,0,17,14,17
8/28/21,GAA Football All-Ireland Senior Championship,Kerry,0,22,Tyrone,3,14,22,23
9/11/21,GAA Football All-Ireland Senior Championship,Mayo,0,15,Tyrone,2,14,15,20
1/29/22,Allianz Football League Roinn 1,Dublin,1,13,Armagh,2,15,16,21
1/29/22,Allianz Football League Roinn 2,Derry,1,10,Down,0,6,13,6
1/29/22,Allianz Football League Roinn 3,Limerick,4,9,Longford,1,11,21,14
1/29/22,Allianz Football League Roinn 3,Fermanagh,0,8,Antrim,1,14,8,17
1/29/22,Allianz Football League Roinn 4,Carlow,1,13,London,2,11,16,17
1/30/22,Allianz Football League Roinn 1,Kildare,0,13,Kerry,1,10,13,13
1/30/22,Allianz Football League Roinn 1,Mayo,0,11,Donegal,0,11,11,11
1/30/22,Allianz Football League Roinn 1,Tyrone,0,9,Monaghan,0,9,9,9
1/30/22,Allianz Football League Roinn 2,Roscommon,1,13,Cork,0,10,16,10
1/30/22,Allianz Football League Roinn 2,Galway,1,14,Meath,0,6,17,6
1/30/22,Allianz Football League Roinn 2,Clare,1,13,Offaly,0,7,16,7
1/30/22,Allianz Football League Roinn 3,Westmeath,1,16,Wicklow,2,8,19,14
1/30/22,Allianz Football League Roinn 3,Louth,1,10,Laois,3,9,13,18
1/30/22,Allianz Football League Roinn 4,Leitrim,0,8,Cavan,0,12,8,12
1/30/22,Allianz Football League Roinn 4,Wexford,0,10,Sligo,0,12,10,12
1/30/22,Allianz Football League Roinn 4,Waterford,0,10,Tipperary,0,10,10,10
2/5/22,Allianz Football League Roinn 1,Kerry,1,15,Dublin,0,11,18,11
2/5/22,Allianz Football League Roinn 2,Down,0,9,Galway,1,12,9,15
2/5/22,Allianz Football League Roinn 2,Cork,1,13,Clare,1,13,16,16
2/5/22,Allianz Football League Roinn 3,Antrim,0,11,Limerick,2,9,11,15
2/6/22,Allianz Football League Roinn 1,Armagh,2,14,Tyrone,0,14,20,14
2/6/22,Allianz Football League Roinn 1,Monaghan,1,11,Mayo,2,10,14,16
2/6/22,Allianz Football League Roinn 1,Donegal,2,11,Kildare,1,9,17,12
2/6/22,Allianz Football League Roinn 2,Offaly,0,7,Derry,2,13,7,19
2/6/22,Allianz Football League Roinn 2,Meath,1,11,Roscommon,1,15,14,18
2/6/22,Allianz Football League Roinn 3,Longford,0,9,Louth,1,6,9,9
2/6/22,Allianz Football League Roinn 3,Laois,0,11,Westmeath,2,11,11,17
2/6/22,Allianz Football League Roinn 3,Wicklow,1,10,Fermanagh,2,7,13,13
2/6/22,Allianz Football League Roinn 4,Sligo,0,28,Carlow,0,5,28,5
2/6/22,Allianz Football League Roinn 4,London,1,12,Waterford,2,8,15,14
2/6/22,Allianz Football League Roinn 4,Tipperary,2,8,Leitrim,2,16,14,22
2/6/22,Allianz Football League Roinn 4,Cavan,0,17,Wexford,1,8,17,11
2/19/22,Allianz Football League Roinn 1,Armagh,1,7,Monaghan,0,10,10,10
2/19/22,Allianz Football League Roinn 1,Dublin,0,12,Mayo,2,11,12,17
2/19/22,Allianz Football League Roinn 3,Antrim,2,10,Wicklow,1,7,16,10
2/19/22,Allianz Football League Roinn 3,Carlow,2,12,Waterford,2,8,18,14
2/20/22,Allianz Football League Roinn 1,Kerry,1,13,Donegal,0,7,16,7
2/20/22,Allianz Football League Roinn 1,Tyrone,2,7,Kildare,0,12,13,12
2/20/22,Allianz Football League Roinn 2,Derry,1,13,Cork,0,7,16,7
2/20/22,Allianz Football League Roinn 2,Roscommon,0,9,Clare,0,9,9,9
2/20/22,Allianz Football League Roinn 2,Meath,2,6,Down,2,6,12,12
2/20/22,Allianz Football League Roinn 3,Limerick,1,12,Louth,1,14,15,17
2/20/22,Allianz Football League Roinn 4,Leitrim,0,9,London,2,5,9,11
2/26/22,Allianz Football League Roinn 1,Donegal,2,10,Tyrone,0,12,16,12
2/26/22,Allianz Football League Roinn 2,Offaly,1,10,Meath,1,10,13,13
2/26/22,Allianz Football League Roinn 2,Down,0,10,Roscommon,1,18,10,21
2/26/22,Allianz Football League Roinn 2,Cork,2,17,Galway,3,22,23,31
2/26/22,Allianz Football League Roinn 3,Wicklow,1,9,Limerick,1,13,12,16
2/26/22,Allianz Football League Roinn 3,Laois,1,8,Antrim,1,8,11,11
2/26/22,Allianz Football League Roinn 4,Tipperary,1,13,Sligo,1,9,16,12
2/27/22,Allianz Football League Roinn 1,Kildare,1,12,Dublin,0,12,15,12
2/27/22,Allianz Football League Roinn 1,Monaghan,1,12,Kerry,3,14,15,23
2/27/22,Allianz Football League Roinn 1,Mayo,0,15,Armagh,1,10,15,13
2/27/22,Allianz Football League Roinn 2,Clare,0,10,Derry,2,13,10,19
2/27/22,Allianz Football League Roinn 3,Louth,1,15,Westmeath,1,13,18,16
2/27/22,Allianz Football League Roinn 3,Longford,1,10,Fermanagh,3,11,13,20
2/27/22,Allianz Football League Roinn 4,London,1,6,Wexford,0,11,9,11
2/27/22,Allianz Football League Roinn 4,Cavan,0,19,Carlow,1,12,19,15
2/27/22,Allianz Football League Roinn 4,Waterford,1,13,Leitrim,2,17,16,23
3/5/22,Allianz Football League Roinn 3,Westmeath,0,10,Longford,0,14,10,14
3/5/22,Allianz Football League Roinn 3,Fermanagh,3,15,Laois,3,9,24,18
3/6/22,Allianz Football League Roinn 2,Galway,2,17,Offaly,3,10,23,19
3/6/22,Allianz Football League Roinn 4,Sligo,0,10,Cavan,1,13,10,16
3/6/22,Allianz Football League Roinn 4,Wexford,0,15,Tipperary,4,4,15,16
3/12/22,Allianz Football League Roinn 1,Armagh,1,12,Kildare,0,10,15,10
3/12/22,Allianz Football League Roinn 1,Kerry,1,12,Mayo,0,14,15,14
3/12/22,Allianz Football League Roinn 2,Down,0,14,Offaly,0,15,14,15
3/12/22,Allianz Football League Roinn 3,Antrim,1,19,Longford,0,12,22,12
3/12/22,Allianz Football League Roinn 3,Limerick,1,6,Westmeath,1,12,9,15
3/13/22,Allianz Football League Roinn 1,Donegal,0,10,Monaghan,1,12,10,15
3/13/22,Allianz Football League Roinn 1,Tyrone,0,8,Dublin,0,13,8,13
3/13/22,Allianz Football League Roinn 2,Roscommon,0,12,Derry,0,12,12,12
3/13/22,Allianz Football League Roinn 2,Meath,1,18,Cork,1,10,21,13
3/13/22,Allianz Football League Roinn 2,Galway,2,8,Clare,1,5,14,8
3/13/22,Allianz Football League Roinn 3,Wicklow,0,8,Laois,1,17,8,20
3/13/22,Allianz Football League Roinn 3,Fermanagh,0,14,Louth,2,12,14,18
3/13/22,Allianz Football League Roinn 4,Sligo,3,19,London,0,10,28,10
3/13/22,Allianz Football League Roinn 4,Carlow,1,10,Leitrim,2,14,13,20
3/13/22,Allianz Football League Roinn 4,Wexford,0,15,Waterford,0,14,15,14
3/13/22,Allianz Football League Roinn 4,Cavan,1,7,Tipperary,1,11,10,14
3/19/22,Allianz Football League Roinn 1,Tyrone,0,11,Mayo,0,9,11,9
3/19/22,Allianz Football League Roinn 3,Laois,0,14,Limerick,0,15,14,15
3/20/22,Allianz Football League Roinn 1,Armagh,0,13,Kerry,1,13,13,16
3/20/22,Allianz Football League Roinn 1,Kildare,0,24,Monaghan,1,12,24,15
3/20/22,Allianz Football League Roinn 1,Dublin,2,15,Donegal,2,11,21,17
3/20/22,Allianz Football League Roinn 2,Cork,1,16,Down,1,12,19,15
3/20/22,Allianz Football League Roinn 2,Derry,0,12,Galway,4,11,12,23
3/20/22,Allianz Football League Roinn 2,Offaly,0,14,Roscommon,2,18,14,24
3/20/22,Allianz Football League Roinn 2,Clare,0,9,Meath,0,10,9,10
3/20/22,Allianz Football League Roinn 3,Louth,1,12,Antrim,1,8,15,11
3/20/22,Allianz Football League Roinn 3,Westmeath,1,9,Fermanagh,0,12,12,12
3/20/22,Allianz Football League Roinn 3,Longford,2,13,Wicklow,0,20,19,20
3/20/22,Allianz Football League Roinn 4,London,2,11,Cavan,1,15,17,18
3/20/22,Allianz Football League Roinn 4,Waterford,1,11,Sligo,0,15,14,15
3/20/22,Allianz Football League Roinn 4,Leitrim,3,9,Wexford,1,11,18,14
3/20/22,Allianz Football League Roinn 4,Tipperary,2,16,Carlow,0,11,22,11
3/26/22,Allianz Football League Roinn 4,Carlow,0,14,Wexford,1,11,14,14
3/26/22,Allianz Football League Roinn 4,Cavan,3,21,Waterford,0,10,30,10
3/26/22,Allianz Football League Roinn 4,Tipperary,1,14,London,0,12,17,12
3/27/22,Allianz Football League Roinn 1,Monaghan,3,13,Dublin,1,18,22,21
3/27/22,Allianz Football League Roinn 1,Donegal,1,14,Armagh,1,13,17,16
3/27/22,Allianz Football League Roinn 1,Kerry,2,11,Tyrone,1,15,17,18
3/27/22,Allianz Football League Roinn 1,Mayo,2,20,Kildare,0,18,26,18
3/27/22,Allianz Football League Roinn 2,Down,1,9,Clare,2,14,12,20
3/27/22,Allianz Football League Roinn 2,Roscommon,1,20,Galway,1,15,23,18
3/27/22,Allianz Football League Roinn 2,Offaly,1,20,Cork,1,21,23,24
3/27/22,Allianz Football League Roinn 2,Meath,2,11,Derry,1,16,17,19
3/27/22,Allianz Football League Roinn 3,Antrim,0,12,Westmeath,1,13,12,16
3/27/22,Allianz Football League Roinn 3,Limerick,1,16,Fermanagh,0,14,19,14
3/27/22,Allianz Football League Roinn 3,Laois,1,13,Longford,2,17,16,23
3/27/22,Allianz Football League Roinn 3,Wicklow,1,13,Louth,2,17,16,23
3/27/22,Allianz Football League Roinn 4,Sligo,2,16,Leitrim,2,10,22,16
4/2/22,Allianz Football League Roinn 3,Louth,1,14,Limerick,0,12,17,12
4/2/22,Allianz Football League Roinn 4,Cavan,2,10,Tipperary,0,15,16,15
4/3/22,Allianz Football League Roinn 1,Kerry,3,19,Mayo,0,13,28,13
4/3/22,Allianz Football League Roinn 1,Roscommon,1,20,Galway,0,22,23,22
4/16/22,Ulster GAA Football Senior Championship,Fermanagh,2,10,Tyrone,2,17,16,23
4/17/22,Connacht GAA Football Senior Championship,London,2,11,Leitrim,3,12,17,21
4/17/22,Connacht GAA Football Senior Championship,New_york,0,15,Sligo,1,16,15,19
4/23/22,Ulster GAA Football Senior Championship,Antrim,0,10,Cavan,1,20,10,23
4/24/22,Connacht GAA Football Senior Championship,Mayo,0,16,Galway,1,14,16,17
4/24/22,Leinster GAA Football Senior Championship,Louth,5,10,Carlow,0,10,25,10
4/24/22,Leinster GAA Football Senior Championship,Wexford,1,15,Offaly,1,12,18,15
4/24/22,Leinster GAA Football Senior Championship,Wicklow,5,15,Laois,4,12,30,24
4/24/22,Ulster GAA Football Senior Championship,Donegal,1,16,Armagh,0,12,19,12
4/30/22,Connacht GAA Football Senior Championship,Sligo,0,11,Roscommon,0,23,11,23
4/30/22,Leinster GAA Football Senior Championship,Westmeath,3,13,Longford,0,14,22,14
4/30/22,Leinster GAA Football Senior Championship,Wexford,0,4,Dublin,1,24,4,27
4/30/22,Munster GAA Football Senior Championship,Clare,1,19,Limerick,2,16,22,22
4/30/22,Munster GAA Football Senior Championship,Waterford,1,8,Tipperary,2,13,11,19
4/30/22,Ulster GAA Football Senior Championship,Monaghan,0,23,Down,2,7,23,13
5/1/22,Leinster GAA Football Senior Championship,Meath,4,13,Wicklow,1,12,25,15
5/1/22,Leinster GAA Football Senior Championship,Kildare,2,22,Louth,0,12,28,12
5/1/22,Ulster GAA Football Senior Championship,Tyrone,0,10,Derry,1,18,10,21
5/7/22,Munster GAA Football Senior Championship,Cork,0,11,Kerry,0,23,11,23
5/8/22,Connacht GAA Football Senior Championship,Galway,4,20,Leitrim,0,9,32,9
5/8/22,Ulster GAA Football Senior Championship,Cavan,0,16,Donegal,2,16,16,22
5/14/22,Munster GAA Football Senior Championship,Tipperary,0,10,Limerick,2,10,10,16
5/15/22,Leinster GAA Football Senior Championship,Kildare,1,21,Westmeath,2,15,24,21
5/15/22,Leinster GAA Football Senior Championship,Dublin,1,27,Meath,1,14,30,17
5/15/22,Ulster GAA Football Senior Championship,Derry,3,12,Monaghan,0,17,21,17
5/21/22,Tailteann Cup,Wicklow,3,16,Waterford,1,10,25,13
5/22/22,Tailteann Cup,Wexford,2,13,Offaly,3,11,19,20
5/28/22,Leinster GAA Football Senior Championship,Dublin,5,17,Kildare,1,15,32,18
5/28/22,Munster GAA Football Senior Championship,Kerry,1,28,Limerick,0,8,31,8
5/28/22,Tailteann Cup,Cavan,0,24,Down,1,12,24,15
5/28/22,Tailteann Cup,Leitrim,2,14,Antrim,1,12,20,15
5/28/22,Tailteann Cup,Longford,0,12,Fermanagh,1,12,12,15
5/28/22,Tailteann Cup,Sligo,3,15,London,2,16,24,22
5/29/22,Connacht GAA Football Senior Championship,Galway,2,19,Roscommon,2,16,25,22
5/29/22,Ulster GAA Football Senior Championship,Derry,1,16,Donegal,1,14,19,17
5/29/22,Tailteann Cup,Laois,0,13,Westmeath,1,13,13,16
5/29/22,Tailteann Cup,Offaly,0,18,Wicklow,0,10,18,10
5/29/22,Tailteann Cup,Carlow,1,12,Tipperary,1,10,15,13
6/4/22,GAA Football All-Ireland Senior Championship,Cork,2,12,Louth,2,8,18,14
6/4/22,GAA Football All-Ireland Senior Championship,Mayo,1,13,Monaghan,0,12,16,12
6/4/22,GAA Football All-Ireland Senior Championship,Clare,1,11,Meath,1,9,14,12
6/4/22,Tailteann Cup,Offaly,3,17,New_york,0,11,26,11
6/5/22,GAA Football All-Ireland Senior Championship,Armagh,1,16,Tyrone,1,10,19,13
6/5/22,Tailteann Cup,Carlow,2,13,Westmeath,1,21,19,24
6/5/22,Tailteann Cup,Leitrim,2,16,Sligo,1,19,22,22
6/5/22,Tailteann Cup,Fermanagh,0,13,Cavan,2,16,13,22
6/11/22,GAA Football All-Ireland Senior Championship,Clare,2,15,Roscommon,1,17,21,20
6/11/22,GAA Football All-Ireland Senior Championship,Mayo,2,13,Kildare,0,14,19,14
6/12/22,GAA Football All-Ireland Senior Championship,Cork,2,18,Limerick,1,16,24,19
6/12/22,GAA Football All-Ireland Senior Championship,Armagh,3,17,Donegal,0,16,26,16
6/19/22,Tailteann Cup,Sligo,1,14,Cavan,0,20,17,20
6/19/22,Tailteann Cup,Westmeath,3,22,Offaly,2,16,31,22
6/25/22,GAA Football All-Ireland Senior Championship,Derry,5,13,Clare,2,8,28,14
6/25/22,GAA Football All-Ireland Senior Championship,Dublin,0,21,Cork,0,10,21,10
6/26/22,GAA Football All-Ireland Senior Championship,Galway,2,21,Armagh,3,18,27,27
6/26/22,GAA Football All-Ireland Senior Championship,Kerry,1,18,Mayo,0,13,21,13
7/9/22,GAA Football All-Ireland Senior Championship,Galway,2,8,Derry,1,6,14,9
7/9/22,Tailteann Cup,Cavan,1,13,Westmeath,2,14,16,20
7/10/22,GAA Football All-Ireland Senior Championship,Dublin,1,13,Kerry,1,14,16,17
7/24/22,GAA Football All-Ireland Senior Championship,Kerry,0,20,Galway,0,16,20,16
1/28/23,Allianz Football League Roinn 1,Monaghan,1,12,Armagh,1,14,15,17
1/28/23,Allianz Football League Roinn 1,Mayo,1,11,Galway,2,8,14,14
1/28/23,Allianz Football League Roinn 2,Derry,0,16,Limerick,0,4,16,4
1/28/23,Allianz Football League Roinn 2,Dublin,1,11,Kildare,0,13,14,13
1/28/23,Allianz Football League Roinn 3,Fermanagh,0,15,Longford,0,8,15,8
1/28/23,Allianz Football League Roinn 3,Tipperary,1,11,Down,2,11,14,17
1/28/23,Allianz Football League Roinn 4,Wexford,1,9,London,1,9,12,12
1/28/23,Allianz Football League Roinn 4,Carlow,2,10,Wicklow,2,10,16,16
1/29/23,Allianz Football League Roinn 1,Roscommon,3,11,Tyrone,1,12,20,15
1/29/23,Allianz Football League Roinn 1,Donegal,0,13,Kerry,1,9,13,12
1/29/23,Allianz Football League Roinn 2,Cork,0,19,Meath,3,14,19,23
1/29/23,Allianz Football League Roinn 2,Clare,0,13,Louth,1,9,13,12
1/29/23,Allianz Football League Roinn 3,Antrim,0,12,Offaly,2,12,12,18
1/29/23,Allianz Football League Roinn 3,Westmeath,1,6,Cavan,0,12,9,12
1/29/23,Allianz Football League Roinn 4,Leitrim,3,18,Waterford,0,11,27,11
1/29/23,Allianz Football League Roinn 4,Sligo,0,11,Laois,2,11,11,17
2/4/23,Allianz Football League Roinn 3,Down,2,18,Antrim,2,17,24,23
2/4/23,Allianz Football League Roinn 4,Waterford,0,10,Carlow,1,11,10,14
2/5/23,Allianz Football League Roinn 1,Kerry,3,16,Monaghan,0,14,25,14
2/5/23,Allianz Football League Roinn 1,Galway,0,8,Roscommon,0,9,8,9
2/5/23,Allianz Football League Roinn 1,Tyrone,0,16,Donegal,0,8,16,8
2/5/23,Allianz Football League Roinn 1,Armagh,0,17,Mayo,0,17,17,17
2/5/23,Allianz Football League Roinn 2,Meath,4,8,Clare,0,16,20,16
2/5/23,Allianz Football League Roinn 2,Kildare,0,7,Cork,2,14,7,20
2/5/23,Allianz Football League Roinn 2,Louth,1,11,Derry,2,11,14,17
2/5/23,Allianz Football League Roinn 2,Limerick,1,11,Dublin,2,17,14,23
2/5/23,Allianz Football League Roinn 3,Cavan,1,19,Tipperary,1,7,22,10
2/5/23,Allianz Football League Roinn 3,Longford,0,9,Westmeath,4,16,9,28
2/5/23,Allianz Football League Roinn 3,Offaly,1,9,Fermanagh,1,8,12,11
2/5/23,Allianz Football League Roinn 4,London,1,15,Leitrim,3,12,18,21
2/5/23,Allianz Football League Roinn 4,Wicklow,0,12,Sligo,0,18,12,18
2/5/23,Allianz Football League Roinn 4,Laois,1,18,Wexford,1,13,21,16
2/18/23,Allianz Football League Roinn 1,Mayo,2,14,Kerry,1,10,20,13
2/18/23,Allianz Football League Roinn 2,Derry,2,15,Meath,1,7,21,10
2/18/23,Allianz Football League Roinn 3,Tipperary,0,14,Antrim,1,19,14,22
2/18/23,Allianz Football League Roinn 4,Wicklow,1,16,London,1,9,19,12
2/19/23,Allianz Football League Roinn 1,Galway,0,16,Tyrone,0,13,16,13
2/19/23,Allianz Football League Roinn 1,Roscommon,1,12,Armagh,0,12,15,12
2/19/23,Allianz Football League Roinn 1,Monaghan,1,20,Donegal,0,15,23,15
2/19/23,Allianz Football League Roinn 2,Clare,0,15,Kildare,0,16,15,16
2/19/23,Allianz Football League Roinn 2,Louth,1,15,Limerick,1,13,18,16
2/19/23,Allianz Football League Roinn 2,Cork,2,10,Dublin,0,18,16,18
2/19/23,Allianz Football League Roinn 3,Fermanagh,2,14,Down,3,10,20,19
2/19/23,Allianz Football League Roinn 3,Westmeath,2,12,Offaly,0,12,18,12
2/19/23,Allianz Football League Roinn 3,Cavan,1,19,Longford,0,11,22,11
2/19/23,Allianz Football League Roinn 4,Sligo,0,21,Waterford,0,13,21,13
2/19/23,Allianz Football League Roinn 4,Wexford,0,19,Leitrim,0,15,19,15
2/19/23,Allianz Football League Roinn 4,Carlow,2,8,Laois,1,17,14,20
2/25/23,Allianz Football League Roinn 1,Kerry,1,12,Armagh,0,11,15,11
2/25/23,Allianz Football League Roinn 1,Mayo,4,10,Tyrone,0,12,22,12
2/25/23,Allianz Football League Roinn 2,Dublin,0,16,Clare,1,12,16,15
2/25/23,Allianz Football League Roinn 3,Antrim,3,9,Fermanagh,2,13,18,19
2/25/23,Allianz Football League Roinn 3,Down,1,10,Westmeath,0,11,13,11
2/25/23,Allianz Football League Roinn 4,Waterford,1,5,Wexford,2,12,8,18
2/25/23,Allianz Football League Roinn 4,Laois,2,10,Wicklow,2,12,16,18
2/26/23,Allianz Football League Roinn 1,Donegal,1,9,Galway,1,9,12,12
2/26/23,Allianz Football League Roinn 1,Monaghan,0,14,Roscommon,0,11,14,11
2/26/23,Allianz Football League Roinn 2,Meath,1,12,Louth,1,15,15,18
2/26/23,Allianz Football League Roinn 2,Kildare,0,7,Derry,2,15,7,21
2/26/23,Allianz Football League Roinn 2,Cork,6,18,Limerick,0,12,36,12
2/26/23,Allianz Football League Roinn 3,Offaly,0,14,Cavan,0,21,14,21
2/26/23,Allianz Football League Roinn 3,Longford,0,14,Tipperary,1,11,14,14
2/26/23,Allianz Football League Roinn 4,London,0,6,Sligo,1,10,6,13
2/26/23,Allianz Football League Roinn 4,Leitrim,2,22,Carlow,0,13,28,13
3/4/23,Allianz Football League Roinn 1,Armagh,0,13,Donegal,0,10,13,10
3/4/23,Allianz Football League Roinn 2,Derry,1,11,Dublin,0,13,14,13
3/4/23,Allianz Football League Roinn 4,Laois,2,13,Waterford,1,5,19,8
3/5/23,Allianz Football League Roinn 1,Galway,1,13,Monaghan,0,10,16,10
3/5/23,Allianz Football League Roinn 1,Tyrone,1,15,Kerry,2,9,18,15
3/5/23,Allianz Football League Roinn 1,Roscommon,2,11,Mayo,1,16,17,19
3/5/23,Allianz Football League Roinn 2,Limerick,0,17,Meath,2,11,17,17
3/5/23,Allianz Football League Roinn 2,Louth,2,11,Kildare,0,12,17,12
3/5/23,Allianz Football League Roinn 2,Clare,1,8,Cork,3,10,11,19
3/5/23,Allianz Football League Roinn 3,Fermanagh,2,11,Tipperary,0,8,17,8
3/5/23,Allianz Football League Roinn 3,Longford,1,16,Offaly,2,14,19,20
3/5/23,Allianz Football League Roinn 3,Westmeath,4,27,Antrim,0,8,39,8
3/5/23,Allianz Football League Roinn 3,Cavan,2,14,Down,1,10,20,13
3/5/23,Allianz Football League Roinn 4,London,0,9,Carlow,0,13,9,13
3/5/23,Allianz Football League Roinn 4,Wicklow,0,15,Leitrim,1,9,15,12
3/5/23,Allianz Football League Roinn 4,Sligo,1,20,Wexford,3,8,23,17
3/18/23,Allianz Football League Roinn 1,Armagh,1,6,Galway,1,8,9,11
3/18/23,Allianz Football League Roinn 1,Kerry,1,12,Roscommon,0,12,15,12
3/18/23,Allianz Football League Roinn 2,Meath,1,11,Dublin,2,19,14,25
3/18/23,Allianz Football League Roinn 3,Antrim,1,17,Cavan,2,12,20,18
3/18/23,Allianz Football League Roinn 3,Tipperary,0,13,Offaly,2,14,13,20
3/18/23,Allianz Football League Roinn 3,Fermanagh,0,15,Westmeath,2,8,15,14
3/18/23,Allianz Football League Roinn 3,Down,1,19,Longford,1,14,22,17
3/18/23,Allianz Football League Roinn 4,Waterford,2,9,London,2,5,15,11
3/18/23,Allianz Football League Roinn 4,Carlow,0,11,Sligo,2,10,11,16
3/18/23,Allianz Football League Roinn 4,Wexford,0,19,Wicklow,2,13,19,19
3/19/23,Allianz Football League Roinn 1,Monaghan,0,13,Tyrone,2,15,13,21
3/19/23,Allianz Football League Roinn 1,Donegal,0,9,Mayo,1,17,9,20
3/19/23,Allianz Football League Roinn 2,Derry,0,14,Clare,0,4,14,4
3/19/23,Allianz Football League Roinn 2,Louth,1,10,Cork,0,10,13,10
3/19/23,Allianz Football League Roinn 2,Limerick,2,7,Kildare,3,10,13,19
3/19/23,Allianz Football League Roinn 4,Leitrim,2,14,Laois,0,18,20,18
3/25/23,Allianz Football League Roinn 4,Wexford,1,16,Carlow,0,13,19,13
3/26/23,Allianz Football League Roinn 1,Roscommon,0,21,Donegal,0,9,21,9
3/26/23,Allianz Football League Roinn 1,Mayo,0,14,Monaghan,2,14,14,20
3/26/23,Allianz Football League Roinn 1,Galway,1,13,Kerry,0,14,16,14
3/26/23,Allianz Football League Roinn 1,Tyrone,0,18,Armagh,0,16,18,16
3/26/23,Allianz Football League Roinn 2,Cork,1,14,Derry,1,14,17,17
3/26/23,Allianz Football League Roinn 2,Kildare,0,13,Meath,0,8,13,8
3/26/23,Allianz Football League Roinn 2,Dublin,0,16,Louth,1,6,16,9
3/26/23,Allianz Football League Roinn 2,Clare,2,18,Limerick,0,9,24,9
3/26/23,Allianz Football League Roinn 3,Offaly,0,9,Down,1,17,9,20
3/26/23,Allianz Football League Roinn 3,Longford,3,17,Antrim,3,12,26,21
3/26/23,Allianz Football League Roinn 3,Westmeath,1,13,Tipperary,0,10,16,10
3/26/23,Allianz Football League Roinn 3,Cavan,2,9,Fermanagh,1,14,15,17
3/26/23,Allianz Football League Roinn 4,Leitrim,2,11,Sligo,1,15,17,18
3/26/23,Allianz Football League Roinn 4,Waterford,0,8,Wicklow,2,8,8,14
3/26/23,Allianz Football League Roinn 4,London,2,8,Laois,6,6,14,24
4/1/23,Allianz Football League Roinn 3,Fermanagh,1,7,Cavan,0,16,10,16
4/1/23,Allianz Football League Roinn 4,Sligo,2,10,Wicklow,0,14,16,14
4/2/23,Allianz Football League Roinn 1,Mayo,0,14,Galway,0,11,14,11
4/2/23,Allianz Football League Roinn 2,Derry,0,11,Dublin,4,6,11,18
4/8/23,Connacht GAA Football Senior Championship Qtr Final,London,0,12,Sligo,2,20,12,26
4/8/23,Connacht GAA Football Senior Championship Qtr Final,New_york,0,15,Leitrim,0,15,15,15
4/8/23,Ulster GAA Football Senior Championship Prelim Round,Armagh,0,20,Antrim,1,8,20,11
4/9/23,Connacht GAA Football Senior Championship Qtr Final,Mayo,0,10,Roscommon,2,8,10,14
4/9/23,Leinster GAA Football Senior Championship Round 1,Wicklow,2,12,Carlow,0,10,18,10
4/9/23,Leinster GAA Football Senior Championship Round 1,Longford,1,11,Offaly,1,12,14,15
4/9/23,Leinster GAA Football Senior Championship Round 1,Laois,2,17,Wexford,2,13,23,19
4/9/23,Munster GAA Football Senior Championship Qtr Final,Tipperary,3,9,Waterford,1,11,18,14
4/9/23,Munster GAA Football Senior Championship Qtr Final,Clare,0,14,Cork,0,13,14,13
4/15/23,Ulster GAA Football Senior Championship Qtr Final,Fermanagh,2,8,Derry,3,17,14,26
4/16/23,Ulster GAA Football Senior Championship Qtr Final,Tyrone,1,18,Monaghan,2,17,21,23
4/22/23,Connacht GAA Football Senior Championship Semi Final,Sligo,2,16,New_york,0,6,22,6
4/22/23,Munster GAA Football Senior Championship Semi Final,Kerry,0,25,Tipperary,0,5,25,5
4/22/23,Munster GAA Football Senior Championship Semi Final,Limerick,0,15,Clare,1,15,15,18
4/22/23,Ulster GAA Football Senior Championship Qtr Final,Cavan,0,12,Armagh,1,14,12,17
4/22/23,Connacht GAA Football Senior Championship Semi Final,Roscommon,1,9,Galway,1,13,12,16
4/22/23,Leinster GAA Football Senior Championship Qtr Final,Westmeath,1,11,Louth,2,10,14,16
4/22/23,Leinster GAA Football Senior Championship Qtr Final,Kildare,1,17,Wicklow,0,10,20,10
4/22/23,Leinster GAA Football Senior Championship Qtr Final,Laois,2,9,Dublin,4,30,15,42
4/22/23,Leinster GAA Football Senior Championship Qtr Final,Offaly,1,11,Meath,0,10,14,10
4/22/23,Ulster GAA Football Senior Championship Qtr Final,Down,2,13,Donegal,1,11,19,14
4/29/23,Ulster GAA Football Senior Championship Semi Final,Derry,1,21,Monaghan,2,10,24,16
5/7/23,Connacht GAA Football Senior Championship Final,Galway,2,20,Sligo,0,12,26,12
5/7/23,Munster GAA Football Senior Championship Final,Kerry,5,14,Clare,0,15,29,15
5/13/23,Tailteann Cup Rd 1,Cavan,2,20,Laois,1,14,26,17
5/13/23,Tailteann Cup Rd 1,Offaly,2,14,London,0,11,20,11
5/13/23,Tailteann Cup Rd 1,Meath,1,19,Tipperary,0,11,22,11
5/13/23,Tailteann Cup Rd 1,Down,2,14,Waterford,1,6,20,9
5/13/23,Tailteann Cup Rd 1,Limerick,2,16,Longford,1,16,22,19
5/13/23,Tailteann Cup Rd 1,Wicklow,1,13,Carlow,0,17,16,17
5/13/23,Tailteann Cup Rd 1,Fermanagh,1,13,Wexford,1,13,16,16
5/13/23,Tailteann Cup Rd 1,Antrim,3,18,Leitrim,2,12,27,18
5/14/23,Leinster GAA Football Senior Championship Final,Dublin,5,21,Louth,0,15,36,15
5/14/23,Ulster GAA Football Senior Championship Final,Armagh,0,18,Derry,1,15,18,18
5/20/23,GAA Football All-Ireland Senior Championship Rd 1,Clare,0,9,Donegal,0,14,9,14
5/20/23,GAA Football All-Ireland Senior Championship Rd 1,Kerry,0,17,Mayo,1,19,17,22
5/20/23,GAA Football All-Ireland Senior Championship Rd 1,Galway,0,16,Tyrone,0,13,16,13
5/20/23,Tailteann Cup Rd 2,London,2,6,Cavan,0,18,12,18
5/20/23,Tailteann Cup Rd 2,Carlow,0,14,Limerick,1,19,14,22
5/20/23,Tailteann Cup Rd 2,Longford,3,17,Wicklow,2,9,26,15
5/20/23,Tailteann Cup Rd 2,Wexford,0,14,Antrim,2,15,14,21
5/20/23,Tailteann Cup Rd 2,Leitrim,2,7,Fermanagh,1,19,13,22
5/20/23,Tailteann Cup Rd 2,Waterford,1,14,Meath,3,17,17,26
5/20/23,Tailteann Cup Rd 2,Laois,1,11,Offaly,1,11,14,14
5/21/23,GAA Football All-Ireland Senior Championship Rd 1,Sligo,0,14,Kildare,0,14,14,14
5/21/23,Tailteann Cup Rd 2,Tipperary,0,6,Down,2,18,6,24