Date,home_team,away_team,competition,home_points,home_goals,away_points,away_goals,home_win,draw,winning_team,losing_team
5/1/16,new_york,roscommon,Connacht GAA Football Senior Championship,17,0,15,1,0,,roscommon,new_york
5/14/16,louth,carlow,Leinster GAA Football Senior Championship,24,2,11,3,1,,louth,carlow
5/14/16,laois,wicklow,Leinster GAA Football Senior Championship,16,3,18,0,1,,laois,wicklow
5/15/16,offaly,longford,Leinster GAA Football Senior Championship,21,2,13,2,1,,offaly,longford
5/15/16,fermanagh,antrim,Ulster GAA Football Senior Championship,12,1,9,0,1,,fermanagh,antrim
5/21/16,wexford,kildare,Leinster GAA Football Senior Championship,8,0,9,0,0,,kildare,wexford
5/22/16,leitrim,roscommon,Connacht GAA Football Senior Championship,11,0,21,1,0,,roscommon,leitrim
5/22/16,derry,tyrone,Ulster GAA Football Senior Championship,12,0,14,3,0,,tyrone,derry
5/29/22,london,mayo,Connacht GAA Football Senior Championship,9,0,16,2,0,,mayo,london
5/29/22,limerick,clare,Munster GAA Football Senior Championship,13,0,16,0,0,,clare,limerick
5/29/22,waterford,tipperary,Munster GAA Football Senior Championship,7,1,15,1,0,,tipperary,waterford
5/29/22,cavan,armagh,Ulster GAA Football Senior Championship,16,2,14,0,1,,cavan,armagh
6/4/16,laois,dublin,Leinster GAA Football Senior Championship,10,2,21,2,0,,dublin,laois
6/5/16,monaghan,down,Ulster GAA Football Senior Championship,22,2,9,0,1,,monaghan,down
6/12/16,roscommon,sligo,Connacht GAA Football Senior Championship,16,4,13,2,1,,roscommon,sligo
6/12/16,louth,meath,Leinster GAA Football Senior Championship,13,1,20,0,0,,meath,louth
6/12/16,westmeath,offaly,Leinster GAA Football Senior Championship,13,0,12,0,1,,westmeath,offaly
6/12/16,kerry,clare,Munster GAA Football Senior Championship,23,2,17,0,1,,kerry,clare
6/12/16,tipperary,cork,Munster GAA Football Senior Championship,15,3,16,2,1,,tipperary,cork
6/12/16,donegal,fermanagh,Ulster GAA Football Senior Championship,12,2,11,0,1,,donegal,fermanagh
6/18/16,laois,armagh,GAA Football All-Ireland Senior Championship,10,1,10,0,1,,laois,armagh
6/18/16,derry,louth,GAA Football All-Ireland Senior Championship,18,1,10,2,1,,derry,louth
6/18/16,carlow,wicklow,GAA Football All-Ireland Senior Championship,17,1,12,1,1,,carlow,wicklow
6/18/16,mayo,galway,Connacht GAA Football Senior Championship,12,0,12,1,0,,galway,mayo
6/19/16,leitrim,waterford,GAA Football All-Ireland Senior Championship,12,0,8,0,1,,leitrim,waterford
6/19/16,tyrone,cavan,Ulster GAA Football Senior Championship,16,0,7,3,0,,cavan,tyrone
6/25/16,offaly,london,GAA Football All-Ireland Senior Championship,17,0,7,1,1,,offaly,london
6/25/16,antrim,limerick,GAA Football All-Ireland Senior Championship,9,0,6,2,0,,limerick,antrim
6/25/16,down,longford,GAA Football All-Ireland Senior Championship,17,3,24,2,0,,longford,down
6/25/16,wexford,fermanagh,GAA Football All-Ireland Senior Championship,11,1,19,0,0,,fermanagh,wexford
6/25/16,donegal,monaghan,Ulster GAA Football Senior Championship,11,1,14,0,1,,donegal,monaghan
6/26/16,westmeath,kildare,Leinster GAA Football Senior Championship,12,1,11,1,1,,westmeath,kildare
6/26/16,dublin,meath,Leinster GAA Football Senior Championship,21,0,11,0,1,,dublin,meath
7/2/16,laois,armagh,GAA Football All-Ireland Senior Championship,11,1,10,1,1,,laois,armagh
7/2/16,sligo,leitrim,GAA Football All-Ireland Senior Championship,15,2,10,0,1,,sligo,leitrim
7/2/16,donegal,monaghan,Ulster GAA Football Senior Championship,17,0,10,2,1,,donegal,monaghan
7/3/16,kerry,tipperary,Munster GAA Football Senior Championship,17,3,10,2,1,,kerry,tipperary
7/3/16,cavan,tyrone,Ulster GAA Football Senior Championship,17,2,18,5,0,,tyrone,cavan
7/9/16,derry,meath,GAA Football All-Ireland Senior Championship,14,1,11,1,1,,derry,meath
7/9/16,limerick,cork,GAA Football All-Ireland Senior Championship,10,0,12,2,0,,cork,limerick
7/9/16,mayo,fermanagh,GAA Football All-Ireland Senior Championship,14,2,12,1,1,,mayo,fermanagh
7/9/16,cavan,carlow,GAA Football All-Ireland Senior Championship,13,2,12,0,1,,cavan,carlow
7/9/16,monaghan,longford,GAA Football All-Ireland Senior Championship,13,1,13,2,0,,longford,monaghan
7/9/16,kildare,offaly,GAA Football All-Ireland Senior Championship,22,1,14,2,1,,kildare,offaly
7/10/16,clare,laois,GAA Football All-Ireland Senior Championship,14,0,10,1,1,,clare,laois
7/10/16,galway,roscommon,Connacht GAA Football Senior Championship,13,0,10,1,0,,roscommon,galway
7/16/16,sligo,clare,GAA Football All-Ireland Senior Championship,13,1,17,2,0,,clare,sligo
7/16/16,longford,cork,GAA Football All-Ireland Senior Championship,6,1,9,2,0,,cork,longford
7/16/16,cavan,derry,GAA Football All-Ireland Senior Championship,18,0,17,1,0,,derry,cavan
7/16/16,mayo,kildare,GAA Football All-Ireland Senior Championship,17,2,14,0,1,,mayo,kildare
7/17/16,galway,roscommon,Connacht GAA Football Senior Championship,16,3,14,0,1,,galway,roscommon
7/17/16,dublin,westmeath,Leinster GAA Football Senior Championship,19,2,10,0,1,,dublin,westmeath
7/17/16,donegal,tyrone,Ulster GAA Football Senior Championship,11,0,13,0,0,,tyrone,donegal
7/23/16,clare,roscommon,GAA Football All-Ireland Senior Championship,12,2,9,1,1,,clare,roscommon
7/23/16,tipperary,derry,GAA Football All-Ireland Senior Championship,21,1,17,2,1,,tipperary,derry
7/30/16,donegal,cork,GAA Football All-Ireland Senior Championship,21,0,15,1,1,,donegal,cork
7/30/16,mayo,westmeath,GAA Football All-Ireland Senior Championship,15,3,14,1,1,,mayo,westmeath
7/31/16,kerry,clare,GAA Football All-Ireland Senior Championship,16,2,11,0,1,,kerry,clare
7/31/16,galway,tipperary,GAA Football All-Ireland Senior Championship,10,1,13,3,0,,tipperary,galway
8/6/16,tyrone,mayo,GAA Football All-Ireland Senior Championship,12,0,13,0,0,,mayo,tyrone
8/6/16,dublin,donegal,GAA Football All-Ireland Senior Championship,15,1,10,1,1,,dublin,donegal
8/21/16,mayo,tipperary,GAA Football All-Ireland Senior Championship,13,2,14,0,1,,mayo,tipperary
8/28/16,dublin,kerry,GAA Football All-Ireland Senior Championship,22,0,14,2,1,,dublin,kerry
9/18/16,dublin,mayo,GAA Football All-Ireland Senior Championship,9,2,15,0,1,,dublin,mayo
10/1/16,dublin,mayo,GAA Football All-Ireland Senior Championship,15,1,14,1,1,,dublin,mayo
2/4/17,mayo,monaghan,Allianz Football League Roinn 1,12,0,11,1,0,,monaghan,mayo
2/4/17,down,fermanagh,Allianz Football League Roinn 1,10,0,16,1,0,,fermanagh,down
2/4/17,laois,louth,Allianz Football League Roinn 1,10,0,16,2,0,,louth,laois
2/5/17,tyrone,roscommon,Allianz Football League Roinn 1,18,0,9,1,1,,tyrone,roscommon
2/5/17,donegal,kerry,Allianz Football League Roinn 1,17,1,17,2,0,,kerry,donegal
2/5/17,cavan,dublin,Allianz Football League Roinn 1,11,0,18,0,0,,dublin,cavan
2/5/17,galway,cork,Allianz Football League Roinn 2,14,0,11,1,0,,cork,galway
2/5/17,derry,clare,Allianz Football League Roinn 2,11,0,8,1,0,,clare,
2/5/17,meath,kildare,Allianz Football League Roinn 2,16,0,17,3,0,,kildare,meath
2/5/17,longford,offaly,Allianz Football League Roinn 3,12,1,10,0,1,,longford,offaly
2/5/17,tipperary,antrim,Allianz Football League Roinn 3,12,2,13,0,1,,tipperary,antrim
2/5/17,sligo,armagh,Allianz Football League Roinn 3,14,1,11,2,2,,null,null
2/5/17,waterford,armagh,Allianz Football League Roinn 4,14,1,11,2,2,,null,null
2/5/17,westmeath,carlow,Allianz Football League Roinn 4,10,2,10,2,2,,null,null
2/5/17,wicklow,leitrim,Allianz Football League Roinn 4,10,0,17,1,0,,leitrim,wicklow
2/5/17,wexford,limerick,Allianz Football League Roinn 4,14,0,8,1,1,,wexford,limerick
2/11/17,kerry,mayo,Allianz Football League Roinn 1,10,1,15,0,0,,mayo,kerry
2/11/17,dublin,tyrone,Allianz Football League Roinn 1,10,0,7,1,2,,null,null
2/11/17,waterford,wicklow,Allianz Football League Roinn 4,17,1,9,1,1,,waterford,wicklow
2/12/17,monaghan,cavan,Allianz Football League Roinn 1,7,0,7,0,2,,null,null
2/12/17,roscommon,donegal,Allianz Football League Roinn 1,9,2,16,0,0,,donegal,roscommon
2/12/17,clare,down,Allianz Football League Roinn 2,11,2,11,0,1,,clare,down
2/12/17,kildare,cork,Allianz Football League Roinn 2,14,1,8,1,1,,kildare,cork
2/12/17,fermanagh,galway,Allianz Football League Roinn 2,10,0,13,1,0,,galway,fermanagh
2/12/17,meath,derry,Allianz Football League Roinn 2,15,3,9,0,1,,meath,derry
2/12/17,louth,longford,Allianz Football League Roinn 3,11,0,10,0,1,,louth,longford
2/12/17,tipperary,sligo,Allianz Football League Roinn 3,16,1,14,2,0,,sligo,tipperary
2/12/17,offaly,antrim,Allianz Football League Roinn 3,23,0,7,1,1,,offaly,antrim
2/12/17,armagh,laois,Allianz Football League Roinn 3,16,0,11,2,0,,laois,armagh
2/12/17,carlow,london,Allianz Football League Roinn 4,16,0,15,2,0,,london,carlow
2/12/17,limerick,westmeath,Allianz Football League Roinn 4,12,0,18,1,0,,westmeath,limerick
2/12/17,leitrim,wexford,Allianz Football League Roinn 4,14,0,16,0,0,,wexford,leitrim
2/25/17,mayo,roscommon,Allianz Football League Roinn 1,19,1,14,0,1,,mayo,roscommon
2/25/17,down,meath,Allianz Football League Roinn 2,13,1,14,0,1,,down,meath
2/25/17,laois,tipperary,Allianz Football League Roinn 3,10,1,16,1,0,,tipperary,laois
2/25/17,carlow,limerick,Allianz Football League Roinn 4,10,1,10,0,1,,carlow,limerick
2/26/17,donegal,dublin,Allianz Football League Roinn 1,5,2,8,1,2,,null,null
2/26/17,kerry,monaghan,Allianz Football League Roinn 1,10,1,8,2,0,,monaghan,kerry
2/26/17,cork,fermanagh,Allianz Football League Roinn 2,14,1,9,0,1,,cork,fermanagh
2/26/17,derry,kildare,Allianz Football League Roinn 2,18,1,17,1,1,,derry,kildare
2/26/17,galway,clare,Allianz Football League Roinn 2,13,3,11,1,1,,galway,clare
2/26/17,offaly,louth,Allianz Football League Roinn 3,14,0,13,2,0,,louth,offaly
2/26/17,longford,armagh,Allianz Football League Roinn 3,9,3,11,3,0,,armagh,longford
2/26/17,antrim,sligo,Allianz Football League Roinn 3,11,0,7,1,1,,antrim,sligo
2/26/17,wexford,waterford,Allianz Football League Roinn 4,9,1,10,0,1,,wexford,waterford
2/26/17,wicklow,london,Allianz Football League Roinn 4,17,0,4,2,1,,wicklow,london
2/26/17,westmeath,leitrim,Allianz Football League Roinn 4,18,2,9,1,1,,westmeath,leitrim
3/4/17,dublin,mayo,Allianz Football League Roinn 1,16,1,7,0,1,,dublin,mayo
3/4/17,cavan,donegal,Allianz Football League Roinn 1,11,0,16,1,0,,donegal,cavan
3/4/17,tyrone,monaghan,Allianz Football League Roinn 1,14,0,10,0,1,,tyrone,monaghan
3/4/17,limerick,london,Allianz Football League Roinn 4,13,1,12,0,1,,limerick,london
3/5/17,roscommon,kerry,Allianz Football League Roinn 1,13,1,19,1,0,,kerry,roscommon
3/5/17,kildare,fermanagh,Allianz Football League Roinn 2,14,4,14,0,1,,kildare,fermanagh
3/5/17,meath,galway,Allianz Football League Roinn 2,13,1,15,0,1,,meath,galway
3/5/17,clare,cork,Allianz Football League Roinn 2,11,2,9,0,1,,clare,cork
3/5/17,derry,down,Allianz Football League Roinn 2,7,1,15,1,0,,down,derry
3/5/17,louth,antrim,Allianz Football League Roinn 3,10,2,11,1,1,,louth,antrim
3/5/17,armagh,offaly,Allianz Football League Roinn 3,22,6,10,0,1,,armagh,offaly
3/5/17,sligo,laois,Allianz Football League Roinn 3,18,0,10,2,1,,sligo,laois
3/5/17,leitrim,carlow,Allianz Football League Roinn 4,14,2,12,2,1,,leitrim,carlow
3/5/17,waterford,westmeath,Allianz Football League Roinn 4,11,2,13,3,0,,westmeath,waterford
3/5/17,wicklow,wexford,Allianz Football League Roinn 4,13,0,13,1,0,,wexford,wicklow
3/11/17,tipperary,longford,Allianz Football League Roinn 3,17,3,18,0,1,,tipperary,longford
3/12/17,tyrone,cavan,Allianz Football League Roinn 1,19,0,9,1,1,,tyrone,cavan
3/18/17,donegal,tyrone,Allianz Football League Roinn 1,12,0,6,0,1,,donegal,tyrone
3/18/17,kerry,dublin,Allianz Football League Roinn 1,13,0,13,0,2,,kerry,dublin
3/18/17,down,kildare,Allianz Football League Roinn 2,10,0,9,2,0,,kildare,down
3/18/17,carlow,waterford,Allianz Football League Roinn 4,10,2,7,0,1,,carlow,waterford
3/19/17,mayo,cavan,Allianz Football League Roinn 1,15,0,14,1,0,,cavan,mayo
3/19/17,monaghan,roscommon,Allianz Football League Roinn 1,17,2,13,1,1,,monaghan,roscommon
3/19/17,fermanagh,clare,Allianz Football League Roinn 2,18,0,10,1,1,,fermanagh,clare
3/19/17,cork,meath,Allianz Football League Roinn 2,18,0,15,1,0,,meath,cork
3/19/17,galway,derry,Allianz Football League Roinn 2,15,5,15,2,1,,galway,derry
3/19/17,antrim,laois,Allianz Football League Roinn 3,10,1,11,0,1,,antrim,laois
3/19/17,louth,armagh,Allianz Football League Roinn 3,11,0,15,3,0,,armagh,louth
3/19/17,longford,sligo,Allianz Football League Roinn 3,16,0,7,2,1,,longford,sligo
3/19/17,offaly,tipperary,Allianz Football League Roinn 3,11,2,15,2,0,,tipperary,offaly
3/19/17,wexford,london,Allianz Football League Roinn 4,15,0,9,0,1,,wexford,london
3/19/17,limerick,leitrim,Allianz Football League Roinn 4,11,2,15,0,1,,limerick,leitrim
3/19/17,westmeath,wicklow,Allianz Football League Roinn 4,19,0,14,0,1,,westmeath,wicklow
3/25/17,dublin,roscommon,Allianz Football League Roinn 1,29,2,14,0,1,,dublin,roscommon
3/25/17,armagh,antrim,Allianz Football League Roinn 3,12,1,13,0,1,,armagh,antrim
3/25/17,laois,longford,Allianz Football League Roinn 3,13,3,13,0,1,,laois,longford
3/25/17,waterford,limerick,Allianz Football League Roinn 4,8,0,14,0,0,,limerick,waterford
3/26/17,cavan,kerry,Allianz Football League Roinn 1,10,3,13,0,2,,null,null
3/26/17,tyrone,mayo,Allianz Football League Roinn 1,12,0,10,1,0,,mayo,tyrone
3/26/17,donegal,monaghan,Allianz Football League Roinn 1,11,1,11,1,2,,null,null
3/26/17,derry,cork,Allianz Football League Roinn 2,10,2,20,0,0,,cork,derry
3/26/17,meath,fermanagh,Allianz Football League Roinn 2,15,3,6,0,1,,meath,fermanagh
3/26/17,down,galway,Allianz Football League Roinn 2,13,1,15,3,0,,galway,down
3/26/17,kildare,clare,Allianz Football League Roinn 2,18,0,14,1,1,,kildare,clare
3/26/17,tipperary,louth,Allianz Football League Roinn 3,12,0,16,0,0,,louth,tipperary
3/26/17,sligo,offaly,Allianz Football League Roinn 3,10,2,14,2,0,,offaly,sligo
3/26/17,leitrim,london,Allianz Football League Roinn 4,16,2,15,0,1,,leitrim,london
3/26/17,wexford,westmeath,Allianz Football League Roinn 4,9,0,24,3,0,,westmeath,wexford
3/26/17,wicklow,carlow,Allianz Football League Roinn 4,10,0,18,1,0,,carlow,wicklow
4/1/17,leitrim,waterford,Allianz Football League Roinn 4,13,1,8,2,1,,leitrim,waterford
4/2/17,monaghan,dublin,Allianz Football League Roinn 1,15,1,15,2,0,,dublin,monaghan
4/2/17,mayo,donegal,Allianz Football League Roinn 1,12,1,13,0,1,,mayo,donegal
4/2/17,kerry,tyrone,Allianz Football League Roinn 1,21,1,11,2,1,,kerry,tyrone
4/2/17,roscommon,cavan,Allianz Football League Roinn 1,13,1,10,1,1,,roscommon,cavan
4/2/17,galway,kildare,Allianz Football League Roinn 2,14,0,13,0,1,,galway,kildare
4/2/17,cork,down,Allianz Football League Roinn 2,10,1,13,0,2,,null ,null
4/2/17,clare,meath,Allianz Football League Roinn 2,13,1,19,3,0,,meath,clare
4/2/17,fermanagh,derry,Allianz Football League Roinn 2,13,0,8,2,0,,derry,fermanagh
4/2/17,antrim,longford,Allianz Football League Roinn 2,13,1,16,0,2,,null,null
4/2/17,louth,sligo,Allianz Football League Roinn 3,11,1,17,0,0,,sligo,louth
4/2/17,armagh,tipperary,Allianz Football League Roinn 3,16,0,8,3,0,,tipperary,armagh
4/2/17,offaly,laois,Allianz Football League Roinn 3,15,3,11,4,1,,offaly,laois
4/2/17,carlow,wexford,Allianz Football League Roinn 4,14,2,7,1,1,,carlow,wexford
4/2/17,westmeath,london,Allianz Football League Roinn 4,26,3,9,1,1,,westmeath,london
4/2/17,limerick,wicklow,Allianz Football League Roinn 4,13,2,2,9,1,,limerick,wicklow
4/8/17,louth,tipperary,Allianz Football League Roinn 3,19,0,19,3,0,,tipperary,louth
4/8/17,westmeath,wexford,Allianz Football League Roinn 4,24,2,11,2,1,,westmeath,wexford
4/9/17,dublin,kerry,Allianz Football League Roinn 1,16,1,20,0,0,,kerry,dublin
4/9/17,kildare,galway,Allianz Football League Roinn 2,16,0,18,0,0,,galway,kildare
5/7/17,new_york,sligo,Connacht GAA Football Senior Championship,13,1,21,1,0,,sligo,new_york
5/20/17,monaghan,fermanagh,Ulster GAA Football Senior Championship,20,1,11,1,1,,monaghan,fermanagh
5/21/17,mayo,sligo,Connacht GAA Football Senior Championship,14,2,11,0,1,,mayo,sligo
5/21/17,louth,wicklow,Leinster GAA Football Senior Championship,19,1,14,1,1,,louth,wicklow
5/21/17,laois,longford,Leinster GAA Football Senior Championship,15,4,16,0,1,,laois,longford
5/21/17,carlow,wexford,Leinster GAA Football Senior Championship,17,2,13,2,1,,carlow,wexford
5/21/17,donegal,antrim,Ulster GAA Football Senior Championship,19,3,9,1,1,,donegal,antrim
5/27/17,waterford,cork,Munster GAA Football Senior Championship,11,1,12,1,0,,cork,waterford
5/28/17,london,leitrim,Connacht GAA Football Senior Championship,16,0,10,3,2,,null,null
5/28/17,clare,limerick,Munster GAA Football Senior Championship,13,1,12,1,1,,clare,limerick
5/28/17,derry,tyrone,Ulster GAA Football Senior Championship,11,0,22,0,0,,tyrone,derry
6/3/17,dublin,carlow,Leinster GAA Football Senior Championship,19,0,7,0,1,,dublin,carlow
6/4/17,meath,louth,Leinster GAA Football Senior Championship,27,0,9,3,1,,meath,louth
6/4/17,kildare,laois,Leinster GAA Football Senior Championship,21,1,7,1,1,,kildare,laois
6/4/17,down,armagh,Ulster GAA Football Senior Championship,15,0,7,2,1,,down,armagh
6/10/17,cork,tipperary,Munster GAA Football Senior Championship,10,1,9,1,1,,cork,tipperary
6/11/17,galway,mayo,Connacht GAA Football Senior Championship,15,0,11,1,1,,galway,mayo
6/11/17,offaly,westmeath,Leinster GAA Football Senior Championship,10,0,10,0,2,,null,null
6/11/17,clare,kerry,Munster GAA Football Senior Championship,12,1,18,1,0,,kerry,clare
6/11/17,cavan,monaghan,Ulster GAA Football Senior Championship,15,0,15,1,0,,monaghan,cavan
6/17/17,waterford,derry,GAA Football All-Ireland Senior Championship,13,0,17,1,0,,derry,waterford
6/17/17,louth,longford,GAA Football All-Ireland Senior Championship,10,1,15,2,0,,longford,louth
6/17/17,wicklow,laois,GAA Football All-Ireland Senior Championship,10,3,16,2,0,,laois,wicklow
6/17/17,sligo,antrim,GAA Football All-Ireland Senior Championship,22,0,7,3,1,,sligo,antrim
6/17/17,westmeath,offaly,Leinster GAA Football Senior Championship,17,3,15,0,1,,westmeath,offaly
6/17/17,meath,kildare,Leinster GAA Football Senior Championship,13,0,16,2,0,,kildare,meath
6/18/17,roscommon,leitrim,Connacht GAA Football Senior Championship,23,2,9,1,1,,roscommon,leitrim
6/18/17,donegal,tyrone,Ulster GAA Football Senior Championship,12,1,21,1,0,,tyrone,donegal
6/24/17,limerick,wexford,GAA Football All-Ireland Senior Championship,11,0,12,0,0,,wexford,limerick
6/24/17,down,monaghan,Ulster GAA Football Senior Championship,14,1,15,0,1,,down,monaghan
6/25/17,london,carlow,GAA Football All-Ireland Senior Championship,12,0,13,0,0,,carlow,london
6/25/17,armagh,fermanagh,GAA Football All-Ireland Senior Championship,20,0,11,0,1,,armagh,fermanagh
6/25/17,offaly,cavan,GAA Football All-Ireland Senior Championship,16,0,17,0,0,,cavan,offaly
6/25/17,dublin,westmeath,Leinster GAA Football Senior Championship,29,4,10,0,1,,dublin,westmeath
7/1/17,laois,clare,GAA Football All-Ireland Senior Championship,14,0,18,2,0,,clare,laois
7/1/17,mayo,derry,GAA Football All-Ireland Senior Championship,21,2,13,1,1,,mayo,derry
7/1/17,donegal,longford,GAA Football All-Ireland Senior Championship,12,0,7,0,1,,donegal,longford
7/1/17,meath,sligo,GAA Football All-Ireland Senior Championship,14,0,9,1,1,,meath,sligo
7/2/17,kerry,cork,Munster GAA Football Senior Championship,23,1,15,0,1,,kerry,cork
7/8/17,cavan,tipperary,GAA Football All-Ireland Senior Championship,18,0,15,2,0,,tipperary,cavan
7/8/17,carlow,leitrim,GAA Football All-Ireland Senior Championship,14,2,13,0,1,,carlow,leitrim
7/8/17,wexford,monaghan,GAA Football All-Ireland Senior Championship,11,1,23,3,0,,monaghan,wexford
7/8/17,clare,mayo,GAA Football All-Ireland Senior Championship,13,0,14,2,0,,mayo,clare
7/8/17,meath,donegal,GAA Football All-Ireland Senior Championship,14,1,15,1,0,,donegal,meath
7/8/17,westmeath,armagh,GAA Football All-Ireland Senior Championship,7,1,12,1,0,,armagh,westmeath
7/9/17,galway,roscommon,Connacht GAA Football Senior Championship,12,0,15,2,0,,roscommon,galway
7/15/17,tipperary,armagh,GAA Football All-Ireland Senior Championship,15,1,17,1,0,,armagh,tipperary
7/15/17,carlow,monaghan,GAA Football All-Ireland Senior Championship,7,1,12,1,0,,monaghan,carlow
7/16/17,dublin,kildare,Leinster GAA Football Senior Championship,23,2,17,1,1,,dublin,kildare
7/16/17,down,tyrone,Ulster GAA Football Senior Championship,15,0,17,2,0,,tyrone,down
7/22/17,cork,mayo,GAA Football All-Ireland Senior Championship,20,2,27,0,0,,mayo,cork
7/22/17,galway,donegal,GAA Football All-Ireland Senior Championship,17,4,14,0,1,,galway,donegal
7/29/17,down,monaghan,GAA Football All-Ireland Senior Championship,16,1,24,1,0,,monaghan,down
7/29/17,armagh,kildare,GAA Football All-Ireland Senior Championship,17,1,17,0,1,,armagh,kildare
7/30/17,kerry,galway,GAA Football All-Ireland Senior Championship,18,1,13,0,1,,kerry,galway
7/30/17,roscommon,mayo,GAA Football All-Ireland Senior Championship,9,2,12,1,2,,null,null
8/5/17,tyrone,armagh,GAA Football All-Ireland Senior Championship,17,3,8,0,1,,tyrone,armagh
8/5/17,dublin,monaghan,GAA Football All-Ireland Senior Championship,19,1,12,0,1,,dublin,monaghan
8/7/17,mayo,roscommon,GAA Football All-Ireland Senior Championship,19,4,9,0,1,,mayo,roscommon
8/20/17,kerry,mayo,GAA Football All-Ireland Senior Championship,14,2,14,2,2,,null,null
8/26/17,kerry,mayo,GAA Football All-Ireland Senior Championship,17,0,16,2,0,,mayo,kerry
8/27/17,dublin,tyrone,GAA Football All-Ireland Senior Championship,17,2,11,0,1,,dublin,tyrone
9/17/17,dublin,mayo,GAA Football All-Ireland Senior Championship,17,1,16,1,1,,dublin,mayo
1/27/18,dublin,kildare,Allianz Football League Roinn 1,17,2,10,2,1,,dublin,kildare
1/27/18,clare,cavan,Allianz Football League Roinn 2,12,1,9,2,2,,null,null
1/27/18,cork,tipperary,Allianz Football League Roinn 2,16,1,16,3,0,,tipperary,cork
1/27/18,london,carlow,Allianz Football League Roinn 4,9,2,14,2,0,,carlow,london
1/27/18,laois,limerick,Allianz Football League Roinn 4,12,2,9,0,1,,laois,limerick
1/28/18,kerry,donegal,Allianz Football League Roinn 1,18,2,14,3,1,,kerry,donegal
1/28/18,monaghan,mayo,Allianz Football League Roinn 1,12,0,13,0,0,,mayo,monaghan
1/28/18,galway,tyrone,Allianz Football League Roinn 1,9,1,8,0,1,,galway,tyrone
1/28/18,louth,down,Allianz Football League Roinn 2,11,0,14,1,0,,down,louth
1/28/18,roscommon,meath,Allianz Football League Roinn 2,12,2,12,2,2,,null,null
1/28/18,armagh,sligo,Allianz Football League Roinn 3,17,2,9,0,1,,armagh,sligo
1/28/18,fermanagh,wexford,Allianz Football League Roinn 3,7,3,5,2,1,,fermanagh,wexford
1/28/18,offaly,longford,Allianz Football League Roinn 3,13,1,18,3,0,,longford,offaly
1/28/18,derry,westmeath,Allianz Football League Roinn 3,14,2,17,2,0,,westmeath,derry
1/28/18,antrim,leitrim,Allianz Football League Roinn 4,15,0,5,0,1,,antrim,leitrim
1/28/18,wicklow,waterford,Allianz Football League Roinn 4,12,0,12,0,2,,null,null
2/3/18,tyrone,dublin,Allianz Football League Roinn 1,11,1,13,2,0,,dublin,tyrone
2/3/18,mayo,kerry,Allianz Football League Roinn 1,9,2,15,1,0,,kerry,mayo
2/3/18,cavan,louth,Allianz Football League Roinn 2,17,3,13,0,1,,cavan,louth
2/4/18,kildare,monaghan,Allianz Football League Roinn 1,12,0,10,1,0,,monaghan,kildare
2/4/18,donegal,galway,Allianz Football League Roinn 1,14,0,12,1,0,,galway,donegal
2/4/18,down,cork,Allianz Football League Roinn 2,10,0,13,1,0,,cork,down
2/4/18,tipperary,roscommon,Allianz Football League Roinn 2,9,3,17,1,0,,roscommon,tipperary
2/4/18,meath,clare,Allianz Football League Roinn 2,21,0,7,0,1,,meath,clare
2/4/18,sligo,wexford,Allianz Football League Roinn 3,16,1,13,1,1,,sligo,wexford
2/4/18,longford,derry,Allianz Football League Roinn 3,13,1,6,1,1,,longford,derry
2/4/18,fermanagh,offaly,Allianz Football League Roinn 3,11,2,6,1,1,,fermanagh,offaly
2/4/18,westmeath,armagh,Allianz Football League Roinn 3,11,1,17,2,0,,armagh,westmeath
2/4/18,london,wicklow,Allianz Football League Roinn 4,16,1,10,0,1,,london,wicklow
2/4/18,waterford,antrim,Allianz Football League Roinn 4,10,0,12,2,0,,antrim,waterford
2/4/18,leitrim,laois,Allianz Football League Roinn 4,10,3,16,3,0,,laois,leitrim
2/4/18,limerick,carlow,Allianz Football League Roinn 4,13,0,11,2,0,,carlow,limerick
2/10/18,dublin,donegal,Allianz Football League Roinn 1,20,0,15,0,1,,dublin,donegal
2/10/18,carlow,leitrim,Allianz Football League Roinn 4,11,2,5,0,1,,carlow,leitrim
2/10/18,laois,waterford,Allianz Football League Roinn 4,18,0,11,1,1,,laois,waterford
2/11/18,galway,mayo,Allianz Football League Roinn 1,13,1,11,0,1,,galway,mayo
2/11/18,kildare,tyrone,Allianz Football League Roinn 1,18,0,16,1,0,,tyrone,kildare
2/11/18,clare,tipperary,Allianz Football League Roinn 2,11,0,11,0,2,,null,null
2/11/18,cork,louth,Allianz Football League Roinn 2,11,2,10,0,1,,cork,louth
2/11/18,roscommon,down,Allianz Football League Roinn 2,7,0,12,0,0,,down,roscommon
2/11/18,armagh,longford,Allianz Football League Roinn 3,11,1,10,1,1,,armagh,longford
2/11/18,wexford,westmeath,Allianz Football League Roinn 3,10,1,16,0,0,,westmeath,wexford
2/11/18,london,limerick,Allianz Football League Roinn 4,8,2,8,2,2,,null ,null
2/11/18,antrim,wicklow,Allianz Football League Roinn 4,12,0,12,0,2,,null,null
2/18/18,monaghan,kerry,Allianz Football League Roinn 1,13,1,14,0,1,,monaghan,kerry
2/18/18,cavan,meath,Allianz Football League Roinn 2,14,2,12,1,1,,cavan,meath
2/18/18,sligo,fermanagh,Allianz Football League Roinn 3,8,0,13,0,0,,fermanagh,sligo
2/18/18,derry,offaly,Allianz Football League Roinn 3,15,1,13,0,1,,derry,offaly
2/24/18,mayo,dublin,Allianz Football League Roinn 1,12,0,10,2,0,,dublin,mayo
2/24/18,monaghan,tyrone,Allianz Football League Roinn 1,15,0,14,0,1,,monaghan,tyrone
2/24/18,tipperary,meath,Allianz Football League Roinn 2,15,2,10,1,1,,tipperary,meath
2/24/18,fermanagh,derry,Allianz Football League Roinn 3,16,1,8,3,1,,fermanagh,derry
2/24/18,waterford,carlow,Allianz Football League Roinn 4,9,2,12,2,0,,carlow,waterford
2/25/18,donegal,kildare,Allianz Football League Roinn 1,15,1,7,3,1,,donegal,kildare
2/25/18,kerry,galway,Allianz Football League Roinn 1,14,0,14,1,0,,galway,kerry
2/25/18,cork,cavan,Allianz Football League Roinn 2,11,0,14,0,0,,cavan,cork
2/25/18,down,clare,Allianz Football League Roinn 2,10,1,12,1,0,,clare,down
2/25/18,louth,roscommon,Allianz Football League Roinn 2,12,0,21,1,0,,roscommon,louth
2/25/18,westmeath,sligo,Allianz Football League Roinn 3,20,0,14,0,1,,westmeath,sligo
2/25/18,longford,wexford,Allianz Football League Roinn 3,12,1,9,0,1,,longford,wexford
2/25/18,offaly,armagh,Allianz Football League Roinn 3,9,1,15,1,0,,armagh,offaly
2/25/18,leitrim,limerick,Allianz Football League Roinn 4,18,2,9,1,1,,leitrim,limerick
2/25/18,wicklow,laois,Allianz Football League Roinn 4,10,0,16,1,0,,laois,wicklow
2/25/18,london,antrim,Allianz Football League Roinn 4,13,0,17,0,0,,antrim,london
3/10/18,tyrone,donegal,Allianz Football League Roinn 1,13,2,10,1,1,,tyrone,donegal
3/10/18,cavan,down,Allianz Football League Roinn 2,17,0,14,0,1,,cavan,down
3/10/18,wexford,offaly,Allianz Football League Roinn 3,10,1,13,1,0,,offaly,wexford
3/10/18,armagh,derry,Allianz Football League Roinn 3,15,1,14,0,1,,armagh,derry
3/10/18,limerick,waterford,Allianz Football League Roinn 4,10,2,9,2,1,,limerick,waterford
3/10/18,carlow,wicklow,Allianz Football League Roinn 4,17,1,12,0,1,,carlow,wicklow
3/11/18,tipperary,louth,Allianz Football League Roinn 2,17,2,9,0,1,,tipperary,louth
3/11/18,clare,roscommon,Allianz Football League Roinn 2,12,2,19,2,0,,roscommon,clare
3/11/18,meath,cork,Allianz Football League Roinn 2,15,1,16,2,0,,cork,meath
3/11/18,sligo,longford,Allianz Football League Roinn 3,18,0,12,2,2,,null,null
3/11/18,westmeath,fermanagh,Allianz Football League Roinn 3,14,0,9,1,1,,westmeath,fermanagh
3/11/18,london,laois,Allianz Football League Roinn 4,9,2,17,0,0,,laois,london
3/17/18,kerry,kildare,Allianz Football League Roinn 1,19,0,14,0,1,,kerry,kildare
3/17/18,cork,clare,Allianz Football League Roinn 2,12,0,14,0,0,,clare,cork
3/18/18,galway,dublin,Allianz Football League Roinn 1,13,0,13,0,2,,null,null
3/18/18,monaghan,donegal,Allianz Football League Roinn 1,16,1,10,1,1,,monaghan,donegal
3/18/18,mayo,tyrone,Allianz Football League Roinn 1,8,0,14,2,0,,tyrone,mayo
3/18/18,roscommon,cavan,Allianz Football League Roinn 2,15,0,13,0,1,,roscommon,cavan
3/18/18,derry,wexford,Allianz Football League Roinn 3,20,2,8,3,1,,derry,wexford
3/18/18,longford,westmeath,Allianz Football League Roinn 3,16,1,12,1,1,,longford,westmeath
3/18/18,fermanagh,armagh,Allianz Football League Roinn 3,7,0,7,0,2,,null,null
3/18/18,antrim,carlow,Allianz Football League Roinn 4,12,0,12,1,0,,carlow,antrim
3/19/18,offaly,sligo,Allianz Football League Roinn 3,8,0,8,0,2,,null,null
3/19/18,waterford,leitrim,Allianz Football League Roinn 4,0,0,0,0,2,,null,null
3/19/18,wicklow,limerick,Allianz Football League Roinn 4,0,0,0,0,2,,null,null
3/25/18,dublin,monaghan,Allianz Football League Roinn 1,17,0,12,2,0,,monaghan,dublin
3/25/18,donegal,mayo,Allianz Football League Roinn 1,13,0,13,0,2,,null,null
3/25/18,kildare,galway,Allianz Football League Roinn 1,10,0,16,0,0,,galway,kildare
3/25/18,tyrone,kerry,Allianz Football League Roinn 1,17,1,14,0,1,,tyrone,kerry
3/25/18,roscommon,cork,Allianz Football League Roinn 2,17,0,11,1,1,,roscommon,cork
3/25/18,meath,down,Allianz Football League Roinn 2,14,4,14,1,1,,meath,down
3/25/18,clare,louth,Allianz Football League Roinn 2,12,3,11,1,1,,clare,louth
3/25/18,cavan,tipperary,Allianz Football League Roinn 2,17,0,10,2,1,,cavan,tipperary
3/25/18,wexford,armagh,Allianz Football League Roinn 3,12,0,8,1,1,,wexford,armagh
3/25/18,longford,fermanagh,Allianz Football League Roinn 3,9,1,10,1,0,,fermanagh,longford
3/25/18,sligo,derry,Allianz Football League Roinn 3,11,3,12,2,1,,sligo,derry
3/25/18,westmeath,offaly,Allianz Football League Roinn 3,14,1,20,1,0,,offaly,westmeath
3/25/18,carlow,laois,Allianz Football League Roinn 4,8,0,6,1,0,,laois,carlow
3/25/18,london,waterford,Allianz Football League Roinn 4,14,1,16,1,0,,waterford,london
3/25/18,limerick,antrim,Allianz Football League Roinn 4,12,0,13,1,0,,antrim,limerick
3/25/18,leitrim,wicklow,Allianz Football League Roinn 4,15,2,10,0,1,,leitrim,wicklow
3/31/18,down,tipperary,Allianz Football League Roinn 2,11,2,11,1,1,,down,tipperary
3/31/18,louth,meath,Allianz Football League Roinn 2,7,0,12,1,0,,meath,louth
3/31/18,armagh,fermanagh,Allianz Football League Roinn 3,16,1,17,0,1,,armagh,fermanagh
3/31/18,carlow,laois,Allianz Football League Roinn 4,11,0,15,0,0,,laois,carlow
4/1/18,dublin,galway,Allianz Football League Roinn 1,18,0,14,0,1,,dublin,galway
4/1/18,cavan,roscommon,Allianz Football League Roinn 2,12,4,16,4,0,,roscommon,cavan
5/6/18,london,sligo,Connacht GAA Football Senior Championship,11,1,21,1,0,,sligo,london
5/6/18,new_york,leitrim,Connacht GAA Football Senior Championship,15,1,19,0,0,,leitrim,new_york
5/12/18,wexford,laois,Leinster GAA Football Senior Championship,18,1,21,2,0,,laois,wexford
5/13/18,mayo,galway,Connacht GAA Football Senior Championship,12,0,12,1,0,,galway,mayo
5/13/18,louth,carlow,Leinster GAA Football Senior Championship,12,0,17,2,0,,carlow,louth
5/13/18,offaly,wicklow,Leinster GAA Football Senior Championship,15,1,20,1,0,,wicklow,offaly
5/13/18,donegal,cavan,Ulster GAA Football Senior Championship,20,2,15,1,1,,donegal,cavan
5/19/18,limerick,clare,Munster GAA Football Senior Championship,14,0,23,1,0,,clare,limerick
5/19/18,tipperary,waterford,Munster GAA Football Senior Championship,20,0,9,0,1,,tipperary,waterford
5/19/18,fermanagh,armagh,Ulster GAA Football Senior Championship,12,0,7,0,1,,fermanagh,armagh
5/20/18,tyrone,monaghan,Ulster GAA Football Senior Championship,16,1,18,1,0,,monaghan,tyrone
5/26/18,leitrim,roscommon,Connacht GAA Football Senior Championship,10,0,24,0,0,,roscommon,leitrim
5/26/18,westmeath,laois,Leinster GAA Football Senior Championship,12,1,13,4,0,,laois,westmeath
5/26/18,tipperary,cork,Munster GAA Football Senior Championship,9,0,17,1,0,,cork,tipperary
5/26/18,down,antrim,Ulster GAA Football Senior Championship,18,1,14,1,1,,down,antrim
5/27/18,kildare,carlow,Leinster GAA Football Senior Championship,10,1,14,2,0,,carlow,kildare
5/27/18,longford,meath,Leinster GAA Football Senior Championship,16,0,14,0,1,,longford,meath
5/27/18,dublin,wicklow,Leinster GAA Football Senior Championship,25,4,11,1,1,,dublin,wicklow
5/27/18,derry,donegal,Ulster GAA Football Senior Championship,16,0,16,2,0,,donegal,derry
6/3/18,galway,sligo,Connacht GAA Football Senior Championship,24,4,12,1,1,,galway,sligo
6/3/18,kerry,clare,Munster GAA Football Senior Championship,32,0,10,0,1,,kerry,clare
6/3/18,fermanagh,monaghan,Ulster GAA Football Senior Championship,8,1,10,0,1,,fermanagh,monaghan
6/9/18,wexford,waterford,GAA Football All-Ireland Senior Championship,18,1,14,3,0,,waterford,wexford
6/9/18,derry,kildare,GAA Football All-Ireland Senior Championship,14,2,22,2,0,,kildare,derry
6/9/18,meath,tyrone,GAA Football All-Ireland Senior Championship,19,0,14,2,0,,tyrone,meath
6/9/18,limerick,mayo,GAA Football All-Ireland Senior Championship,7,3,19,5,0,,mayo,limerick
6/9/18,offaly,antrim,GAA Football All-Ireland Senior Championship,20,2,15,1,1,,offaly,antrim
6/9/18,wicklow,cavan,GAA Football All-Ireland Senior Championship,5,1,16,2,0,,cavan,wicklow
6/9/18,westmeath,armagh,GAA Football All-Ireland Senior Championship,11,1,16,3,0,,armagh,westmeath
6/10/18,london,louth,GAA Football All-Ireland Senior Championship,19,1,26,2,0,,louth,london
6/10/18,carlow,laois,Leinster GAA Football Senior Championship,8,0,12,0,0,,laois,carlow
6/10/18,dublin,longford,Leinster GAA Football Senior Championship,25,2,12,0,1,,dublin,longford
6/10/18,donegal,down,Ulster GAA Football Senior Championship,22,2,12,1,1,,donegal,down
6/17/18,roscommon,galway,Connacht GAA Football Senior Championship,6,2,16,0,0,,galway,roscommon
6/23/18,waterford,monaghan,GAA Football All-Ireland Senior Championship,9,0,21,5,0,,monaghan,waterford
6/23/18,carlow,tyrone,GAA Football All-Ireland Senior Championship,10,1,13,4,0,,tyrone,carlow
6/23/18,cavan,down,GAA Football All-Ireland Senior Championship,14,1,15,0,1,,cavan,down
6/23/18,tipperary,mayo,GAA Football All-Ireland Senior Championship,11,1,19,1,0,,mayo,tipperary
6/23/18,sligo,armagh,GAA Football All-Ireland Senior Championship,13,1,19,1,0,,armagh,sligo
6/23/18,longford,kildare,GAA Football All-Ireland Senior Championship,13,1,16,1,0,,kildare,longford
6/23/18,leitrim,louth,GAA Football All-Ireland Senior Championship,25,0,12,1,1,,leitrim,louth
6/23/18,cork,kerry,Munster GAA Football Senior Championship,4,2,18,3,0,,kerry,cork
6/24/18,offaly,clare,GAA Football All-Ireland Senior Championship,14,2,19,1,0,,clare,offaly
6/24/18,dublin,laois,Leinster GAA Football Senior Championship,25,1,10,0,1,,dublin,laois
6/24/18,donegal,fermanagh,Ulster GAA Football Senior Championship,18,2,12,0,1,,donegal,fermanagh
6/30/18,leitrim,monaghan,GAA Football All-Ireland Senior Championship,9,0,19,1,0,,monaghan,leitrim
6/30/18,armagh,clare,GAA Football All-Ireland Senior Championship,16,2,15,1,1,,armagh,clare
6/30/18,cavan,tyrone,GAA Football All-Ireland Senior Championship,12,1,18,0,0,,tyrone,cavan
6/30/18,kildare,mayo,GAA Football All-Ireland Senior Championship,21,0,19,0,1,,kildare,mayo
7/7/18,roscommon,armagh,GAA Football All-Ireland Senior Championship,22,2,19,1,1,,roscommon,armagh
7/7/18,cork,tyrone,GAA Football All-Ireland Senior Championship,13,0,20,3,0,,tyrone,cork
7/7/18,tipperary,kildare,GAA Football All-Ireland Senior Championship,18,0,20,3,0,,kildare,fermanagh
7/8/18,laois,monaghan,GAA Football All-Ireland Senior Championship,11,1,19,0,0,,monaghan,laois
7/14/18,tyrone,roscommon,GAA Football All-Ireland Senior Championship,24,4,12,2,1,,tyrone,roscommon
7/14/18,dublin,donegal,GAA Football All-Ireland Senior Championship,15,2,16,0,1,,dublin,donegal
7/15/18,kildare,monaghan,GAA Football All-Ireland Senior Championship,10,1,15,0,0,,monaghan,kildare
7/15/18,kerry,galway,GAA Football All-Ireland Senior Championship,10,1,13,1,0,,galway,kerry
7/21/18,roscommon,donegal,GAA Football All-Ireland Senior Championship,13,0,20,0,0,,donegal,roscommon
7/21/18,tyrone,dublin,GAA Football All-Ireland Senior Championship,14,0,14,1,0,,dublin,tyrone
7/22/18,kildare,galway,GAA Football All-Ireland Senior Championship,16,0,19,0,0,,galway,kildare
7/22/18,monaghan,kerry,GAA Football All-Ireland Senior Championship,17,1,17,1,2,,null,null
8/4/18,kerry,kildare,GAA Football All-Ireland Senior Championship,25,3,16,2,1,,kerry,kildare
8/4/18,galway,monaghan,GAA Football All-Ireland Senior Championship,8,0,16,0,0,,monaghan,galway
8/5/18,donegal,tyrone,GAA Football All-Ireland Senior Championship,13,1,17,2,0,,tyrone,donegal
8/5/18,dublin,roscommon,GAA Football All-Ireland Senior Championship,24,4,16,2,1,,dublin,roscommon
8/11/18,dublin,galway,GAA Football All-Ireland Senior Championship,24,1,12,2,1,,dublin,galway
8/12/18,monaghan,tyrone,GAA Football All-Ireland Senior Championship,15,0,13,1,0,,tyrone,monaghan
9/2/18,dublin,tyrone,GAA Football All-Ireland Senior Championship,17,2,14,1,1,,dublin,tyrone
1/26/19,mayo,roscommon,Allianz Football League Roinn 1,8,1,7,1,1,,mayo,roscommon
1/26/19,down,laois,Allianz Football League Roinn 3,12,1,15,2,0,,laois,down
1/26/19,waterford,wicklow,Allianz Football League Roinn 4,9,0,7,1,0,,wicklow,waterford
1/27/19,monaghan,dublin,Allianz Football League Roinn 1,13,2,13,1,1,,monaghan,dublin
1/27/19,kerry,tyrone,Allianz Football League Roinn 1,11,0,7,0,1,,kerry,tyrone
1/27/19,galway,cavan,Allianz Football League Roinn 1,13,0,11,0,1,,galway,cavan
1/27/19,clare,donegal,Allianz Football League Roinn 2,13,0,16,0,0,,donegal,clare
1/27/19,kildare,armagh,Allianz Football League Roinn 2,14,0,11,1,2,,null ,null
1/27/19,fermanagh,cork,Allianz Football League Roinn 2,8,0,5,1,2,,null,null
1/27/19,meath,tipperary,Allianz Football League Roinn 2,15,0,8,1,1,,meath,tipperary
1/27/19,carlow,sligo,Allianz Football League Roinn 3,11,1,7,0,1,,carlow,sligo
1/27/19,offaly,westmeath,Allianz Football League Roinn 3,12,0,13,0,0,,westmeath,offaly
1/27/19,louth,longford,Allianz Football League Roinn 3,9,0,8,1,0,,longford,louth
1/27/19,antrim,derry,Allianz Football League Roinn 4,9,1,10,1,0,,derry,antrim
1/27/19,london,limerick,Allianz Football League Roinn 4,10,0,11,0,0,,limerick,london
1/27/19,leitrim,wexford,Allianz Football League Roinn 4,15,3,11,0,1,,leitrim,wexford
2/2/19,dublin,galway,Allianz Football League Roinn 1,15,1,7,0,1,,dublin,galway
2/2/19,donegal,meath,Allianz Football League Roinn 2,13,1,14,0,1,,donegal,meath
2/2/19,westmeath,carlow,Allianz Football League Roinn 3,10,1,7,2,2,,null ,null
2/2/19,laois,louth,Allianz Football League Roinn 3,9,1,8,3,0,,louth,laois
2/3/19,cavan,kerry,Allianz Football League Roinn 1,13,0,16,0,0,,kerry,cavan
2/3/19,roscommon,monaghan,Allianz Football League Roinn 1,12,1,13,0,1,,roscommon,monaghan
2/3/19,tyrone,mayo,Allianz Football League Roinn 1,10,0,13,2,0,,mayo,tyrone
2/3/19,cork,kildare,Allianz Football League Roinn 2,10,0,10,1,0,,kildare,cork
2/3/19,armagh,clare,Allianz Football League Roinn 2,13,1,10,2,2,,null,null
2/3/19,tipperary,fermanagh,Allianz Football League Roinn 2,5,2,5,2,2,,null,null
2/3/19,longford,offaly,Allianz Football League Roinn 3,6,1,9,0,2,,null,null
2/3/19,sligo,down,Allianz Football League Roinn 3,10,1,12,1,0,,down,sligo
2/3/19,derry,london,Allianz Football League Roinn 4,19,0,9,1,1,,derry,london
2/3/19,limerick,waterford,Allianz Football League Roinn 4,13,1,10,0,1,,limerick,waterford
2/3/19,wexford,antrim,Allianz Football League Roinn 4,10,1,9,0,1,,wexford,antrim
2/3/19,wicklow,leitrim,Allianz Football League Roinn 4,12,1,16,1,0,,leitrim,wicklow
2/9/19,kerry,dublin,Allianz Football League Roinn 1,18,1,14,2,1,,kerry,dublin
2/9/19,mayo,cavan,Allianz Football League Roinn 1,13,1,11,0,1,,mayo,cavan
2/9/19,fermanagh,kildare,Allianz Football League Roinn 2,8,0,6,0,1,,fermanagh,kildare
2/9/19,down,westmeath,Allianz Football League Roinn 3,10,0,9,0,1,,down,westmeath
2/10/19,roscommon,tyrone,Allianz Football League Roinn 1,10,1,10,1,2,,null,null
2/10/19,monaghan,galway,Allianz Football League Roinn 1,11,0,9,1,0,,galway,monaghan
2/10/19,clare,cork,Allianz Football League Roinn 2,13,3,10,1,1,,clare,cork
2/10/19,tipperary,donegal,Allianz Football League Roinn 2,9,3,13,0,1,,tipperary,donegal
2/10/19,meath,armagh,Allianz Football League Roinn 2,13,2,13,0,1,,meath,armagh
2/10/19,laois,sligo,Allianz Football League Roinn 3,18,2,10,2,1,,laois,sligo
2/10/19,carlow,longford,Allianz Football League Roinn 3,9,0,11,1,0,,longford,carlow
2/10/19,offaly,louth,Allianz Football League Roinn 3,8,2,10,2,0,,louth,offaly
2/10/19,waterford,derry,Allianz Football League Roinn 4,8,1,13,2,0,,derry,waterford
2/10/19,london,wexford,Allianz Football League Roinn 4,10,2,8,0,1,,london,wexford
2/10/19,leitrim,antrim,Allianz Football League Roinn 4,14,0,10,1,1,,leitrim,antrim
2/10/19,wicklow,limerick,Allianz Football League Roinn 4,8,2,6,1,1,,wicklow,limerick
2/23/19,dublin,mayo,Allianz Football League Roinn 1,12,1,7,0,1,,dublin,mayo
2/23/19,tyrone,monaghan,Allianz Football League Roinn 1,16,1,12,0,1,,tyrone,monaghan
2/23/19,cork,meath,Allianz Football League Roinn 2,9,1,12,2,0,,meath,cork
2/23/19,limerick,leitrim,Allianz Football League Roinn 4,11,0,12,0,0,,leitrim,limerick
2/24/19,galway,kerry,Allianz Football League Roinn 1,10,1,14,0,0,,kerry,galway
2/24/19,cavan,roscommon,Allianz Football League Roinn 1,13,3,13,0,1,,cavan,roscommon
2/24/19,kildare,clare,Allianz Football League Roinn 2,16,1,13,0,1,,kildare,clare
2/24/19,armagh,tipperary,Allianz Football League Roinn 2,15,1,12,0,1,,armagh,tipperary
2/24/19,donegal,fermanagh,Allianz Football League Roinn 2,10,0,13,0,0,,fermanagh,donegal
2/24/19,longford,down,Allianz Football League Roinn 3,8,0,7,3,0,,down,longford
2/24/19,louth,sligo,Allianz Football League Roinn 3,16,5,16,0,1,,louth,sligo
2/24/19,westmeath,laois,Allianz Football League Roinn 3,13,0,10,0,1,,westmeath,laois
2/24/19,offaly,carlow,Allianz Football League Roinn 3,15,0,9,1,1,,offaly,carlow
2/24/19,antrim,london,Allianz Football League Roinn 4,13,1,8,1,1,,antrim,london
2/24/19,wexford,waterford,Allianz Football League Roinn 4,12,0,5,4,0,,waterford,wexford
2/24/19,derry,wicklow,Allianz Football League Roinn 4,8,2,9,0,1,,derry,wicklow
3/2/19,tyrone,cavan,Allianz Football League Roinn 1,15,1,9,0,1,,tyrone,cavan
3/2/19,mayo,galway,Allianz Football League Roinn 1,12,0,11,1,0,,galway,mayo
3/2/19,tipperary,cork,Allianz Football League Roinn 2,12,0,12,1,0,,cork,tipperary
3/2/19,donegal,armagh,Allianz Football League Roinn 2,9,1,11,0,1,,donegal,armagh
3/2/19,carlow,louth,Allianz Football League Roinn 3,10,1,12,0,1,,carlow,louth
3/2/19,laois,longford,Allianz Football League Roinn 3,14,0,12,0,1,,laois,longford
3/2/19,down,offaly,Allianz Football League Roinn 3,12,2,10,0,1,,down,offaly
3/2/19,waterford,antrim,Allianz Football League Roinn 4,9,1,8,1,1,,waterford,antrim
3/2/19,limerick,derry,Allianz Football League Roinn 4,5,1,13,0,0,,derry,limerick
3/2/19,wicklow,wexford,Allianz Football League Roinn 4,9,0,12,0,0,,wexford,wicklow
3/3/19,roscommon,dublin,Allianz Football League Roinn 1,12,1,14,2,0,,dublin,roscommon
3/3/19,kerry,monaghan,Allianz Football League Roinn 1,17,0,13,0,1,,kerry,monaghan
3/3/19,meath,kildare,Allianz Football League Roinn 2,9,1,8,1,1,,meath,kildare
3/3/19,fermanagh,clare,Allianz Football League Roinn 2,12,0,9,0,1,,fermanagh,clare
3/3/19,sligo,westmeath,Allianz Football League Roinn 3,10,1,12,3,0,,westmeath,sligo
3/3/19,leitrim,london,Allianz Football League Roinn 4,9,1,7,0,1,,leitrim,london
3/16/19,monaghan,cavan,Allianz Football League Roinn 1,14,0,8,1,1,,monaghan,cavan
3/16/19,galway,roscommon,Allianz Football League Roinn 1,17,1,10,1,1,,galway,roscommon
3/16/19,kerry,mayo,Allianz Football League Roinn 1,11,0,10,1,0,,mayo,kerry
3/16/19,dublin,tyrone,Allianz Football League Roinn 1,11,1,14,1,0,,tyrone,dublin
3/16/19,cork,donegal,Allianz Football League Roinn 2,12,1,19,1,0,,donegal,cork
3/16/19,kildare,tipperary,Allianz Football League Roinn 2,11,1,7,2,1,,kildare,tipperary
3/16/19,armagh,fermanagh,Allianz Football League Roinn 2,9,1,6,0,1,,armagh,fermanagh
3/16/19,offaly,laois,Allianz Football League Roinn 3,15,0,12,2,0,,laois,offaly
3/16/19,longford,sligo,Allianz Football League Roinn 3,15,2,14,0,1,,longford,sligo
3/16/19,carlow,down,Allianz Football League Roinn 3,11,1,15,0,0,,down,carlow
3/16/19,london,waterford,Allianz Football League Roinn 4,7,0,9,2,0,,waterford,london
3/16/19,antrim,wicklow,Allianz Football League Roinn 4,15,2,10,0,1,,antrim,wicklow
3/16/19,wexford,limerick,Allianz Football League Roinn 4,14,0,10,1,1,,wexford,limerick
3/16/19,derry,leitrim,Allianz Football League Roinn 4,16,2,12,1,1,,derry,leitrim
3/17/19,clare,meath,Allianz Football League Roinn 2,7,1,12,1,0,,meath,clare
3/23/19,leitrim,waterford,Allianz Football League Roinn 4,20,1,9,2,1,,leitrim,waterford
3/23/19,derry,wexford,Allianz Football League Roinn 4,21,3,16,4,1,,derry,wexford
3/24/19,cavan,dublin,Allianz Football League Roinn 1,10,1,16,1,0,,dublin,cavan
3/24/19,tyrone,galway,Allianz Football League Roinn 1,15,3,14,1,1,,tyrone,galway
3/24/19,roscommon,kerry,Allianz Football League Roinn 1,13,0,17,2,0,,kerry,roscommon
3/24/19,mayo,monaghan,Allianz Football League Roinn 1,15,3,18,1,1,,mayo,monaghan
3/24/19,tipperary,clare,Allianz Football League Roinn 2,19,1,15,3,0,,clare,tipperary
3/24/19,meath,fermanagh,Allianz Football League Roinn 2,12,2,11,0,1,,meath,fermanagh
3/24/19,armagh,cork,Allianz Football League Roinn 2,14,1,9,3,0,,cork,armagh
3/24/19,donegal,kildare,Allianz Football League Roinn 2,20,1,10,0,1,,donegal,kildare
3/24/19,sligo,offaly,Allianz Football League Roinn 3,10,1,11,1,0,,offaly,sligo
3/24/19,westmeath,longford,Allianz Football League Roinn 3,14,1,10,1,1,,westmeath,longford
3/24/19,down,louth,Allianz Football League Roinn 3,6,1,10,0,0,,louth,down
3/24/19,laois,carlow,Allianz Football League Roinn 3,15,1,12,1,1,,laois,carlow
3/24/19,wicklow,london,Allianz Football League Roinn 4,8,0,6,0,1,,wicklow,london
3/24/19,limerick,antrim,Allianz Football League Roinn 4,11,1,12,2,0,,antrim,limerick
3/30/19,donegal,meath,Allianz Football League Roinn 2,17,1,15,1,1,,donegal,meath
3/30/19,louth,westmeath,Allianz Football League Roinn 3,7,2,10,1,2,,null,null
3/30/19,derry,leitrim,Allianz Football League Roinn 4,20,0,16,0,1,,derry,leitrim
3/31/19,kerry,mayo,Allianz Football League Roinn 1,10,2,11,3,0,,mayo,kerry
4/6/19,laois,westmeath,Allianz Football League Roinn 3,13,0,13,1,0,,westmeath,laois
5/5/19,new_york,mayo,Connacht GAA Football Senior Championship,4,0,22,1,0,,mayo,new_york
5/5/19,london,galway,Connacht GAA Football Senior Championship,9,1,16,0,0,,galway,london
5/11/19,wicklow,kildare,Leinster GAA Football Senior Championship,10,1,15,0,0,,kildare,wicklow
5/11/19,tipperary,limerick,Munster GAA Football Senior Championship,10,1,11,3,0,,limerick,tipperary
5/11/19,clare,waterford,Munster GAA Football Senior Championship,9,0,8,0,1,,clare,waterford
5/12/19,meath,offaly,Leinster GAA Football Senior Championship,13,1,14,0,1,,meath,offaly
5/12/19,wexford,louth,Leinster GAA Football Senior Championship,14,1,22,0,0,,louth,wexford
5/12/19,tyrone,derry,Ulster GAA Football Senior Championship,19,1,13,1,1,,tyrone,derry
5/18/19,cavan,monaghan,Ulster GAA Football Senior Championship,13,1,12,0,1,,cavan,monaghan
5/19/19,sligo,galway,Connacht GAA Football Senior Championship,7,0,11,3,0,,galway,sligo
5/19/19,down,armagh,Ulster GAA Football Senior Championship,13,3,17,3,0,,armagh,down
5/25/19,mayo,roscommon,Connacht GAA Football Senior Championship,17,0,12,2,0,,roscommon,mayo
5/25/19,carlow,meath,Leinster GAA Football Senior Championship,9,0,18,2,0,,meath,carlow
5/25/19,dublin,louth,Leinster GAA Football Senior Championship,21,5,10,0,1,,dublin,louth
5/25/19,antrim,tyrone,Ulster GAA Football Senior Championship,9,2,23,2,0,,tyrone,antrim
5/26/19,westmeath,laois,Leinster GAA Football Senior Championship,10,0,12,0,0,,laois,westmeath
5/26/19,longford,kildare,Leinster GAA Football Senior Championship,15,3,21,1,2,,null,null
5/26/19,fermanagh,donegal,Ulster GAA Football Senior Championship,9,0,15,0,0,,donegal,fermanagh
6/1/19,cork,limerick,Munster GAA Football Senior Championship,18,3,6,0,1,,cork,limerick
6/1/19,clare,kerry,Munster GAA Football Senior Championship,12,0,15,1,0,,kerry,clare
6/2/19,kildare,longford,Leinster GAA Football Senior Championship,18,1,10,0,1,,kildare,longford
6/2/19,cork,limerick,Munster GAA Football Senior Championship,7,1,10,2,0,,limerick,cork
6/2/19,cavan,armagh,Ulster GAA Football Senior Championship,17,0,14,1,2,,null,null
6/8/19,offaly,london,GAA Football All-Ireland Senior Championship,21,1,11,1,1,,offaly,london
6/8/19,leitrim,wicklow,GAA Football All-Ireland Senior Championship,15,0,13,0,1,,leitrim,wicklow
6/8/19,wexford,derry,GAA Football All-Ireland Senior Championship,10,0,16,4,0,,derry,wexford
6/8/19,louth,antrim,GAA Football All-Ireland Senior Championship,11,1,16,2,0,,antrim,louth
6/8/19,tyrone,donegal,Ulster GAA Football Senior Championship,15,0,16,1,0,,donegal,tyrone
6/9/19,monaghan,fermanagh,GAA Football All-Ireland Senior Championship,10,1,6,1,1,,monaghan,fermanagh
6/9/19,down,tipperary,GAA Football All-Ireland Senior Championship,13,1,10,1,1,,down,tipperary
6/9/19,westmeath,waterford,GAA Football All-Ireland Senior Championship,22,1,7,0,1,,westmeath,waterford
6/9/19,carlow,longford,GAA Football All-Ireland Senior Championship,7,0,11,2,0,,longford,carlow
6/9/19,meath,laois,Leinster GAA Football Senior Championship,13,3,11,0,1,,meath,laois
6/9/19,dublin,kildare,Leinster GAA Football Senior Championship,26,0,11,0,1,,dublin,kildare
6/9/19,armagh,cavan,Ulster GAA Football Senior Championship,17,0,23,0,0,,cavan,armagh
6/16/19,galway,roscommon,Connacht GAA Football Senior Championship,12,0,13,1,0,,roscommon,galway
6/22/19,antrim,kildare,GAA Football All-Ireland Senior Championship,14,0,25,1,0,,kildare,antrim
6/22/19,longford,tyrone,GAA Football All-Ireland Senior Championship,14,1,15,2,0,,tyrone,longford
6/22/19,derry,laois,GAA Football All-Ireland Senior Championship,12,0,13,1,0,,laois,derry
6/22/19,leitrim,clare,GAA Football All-Ireland Senior Championship,17,0,17,3,0,,clare,leitrim
6/22/19,westmeath,limerick,GAA Football All-Ireland Senior Championship,13,2,10,1,1,,westmeath,limerick
6/22/19,monaghan,armagh,GAA Football All-Ireland Senior Championship,12,1,17,2,0,,armagh,monaghan
6/22/19,down,mayo,GAA Football All-Ireland Senior Championship,11,1,16,1,0,,mayo,down
6/22/19,cork,kerry,Munster GAA Football Senior Championship,10,3,19,1,0,,kerry,cork
6/23/19,offaly,sligo,GAA Football All-Ireland Senior Championship,17,3,15,0,1,,offaly,sligo
6/23/19,dublin,meath,Leinster GAA Football Senior Championship,17,1,4,0,1,,dublin,meath
6/23/19,cavan,donegal,Ulster GAA Football Senior Championship,16,2,24,1,0,,donegal,cavan
6/29/19,kildare,tyrone,GAA Football All-Ireland Senior Championship,15,1,22,2,0,,tyrone,kildare
6/29/19,westmeath,clare,GAA Football All-Ireland Senior Championship,15,0,13,1,0,,clare,westmeath
6/29/19,laois,offaly,GAA Football All-Ireland Senior Championship,20,0,15,0,1,,laois,offaly
6/29/19,mayo,armagh,GAA Football All-Ireland Senior Championship,13,2,15,1,1,,mayo,armagh
7/6/19,cavan,tyrone,GAA Football All-Ireland Senior Championship,7,0,20,1,0,,tyrone,cavan
7/6/19,cork,laois,GAA Football All-Ireland Senior Championship,20,4,15,1,1,,cork,laois
7/6/19,galway,mayo,GAA Football All-Ireland Senior Championship,13,1,13,2,0,,mayo,galway
7/7/19,meath,clare,GAA Football All-Ireland Senior Championship,16,2,18,1,1,,meath,clare
7/13/19,roscommon,tyrone,GAA Football All-Ireland Senior Championship,13,0,17,0,0,,tyrone,roscommon
7/13/19,dublin,cork,GAA Football All-Ireland Senior Championship,18,5,17,1,1,,dublin,cork
7/14/19,donegal,meath,GAA Football All-Ireland Senior Championship,19,2,13,1,1,,donegal,meath
7/14/19,kerry,mayo,GAA Football All-Ireland Senior Championship,22,1,15,0,1,,kerry,mayo
7/20/19,cork,tyrone,GAA Football All-Ireland Senior Championship,12,2,15,2,0,,tyrone,cork
7/20/19,dublin,roscommon,GAA Football All-Ireland Senior Championship,26,2,14,0,1,,dublin,roscommon
7/21/19,mayo,meath,GAA Football All-Ireland Senior Championship,17,2,14,0,1,,mayo,meath
7/21/19,kerry,donegal,GAA Football All-Ireland Senior Championship,20,1,20,1,2,,null,null
8/3/19,mayo,donegal,GAA Football All-Ireland Senior Championship,14,1,10,1,1,,mayo,donegal
8/3/19,meath,kerry,GAA Football All-Ireland Senior Championship,13,1,18,2,0,,kerry,meath
8/4/19,cork,roscommon,GAA Football All-Ireland Senior Championship,9,3,9,4,0,,roscommon,cork
8/4/19,tyrone,dublin,GAA Football All-Ireland Senior Championship,13,0,16,1,0,,dublin,tyrone
8/10/19,dublin,mayo,GAA Football All-Ireland Senior Championship,14,3,10,1,1,,dublin,mayo
8/11/19,kerry,tyrone,GAA Football All-Ireland Senior Championship,18,1,18,1,1,,kerry,tyrone
9/1/19,dublin,kerry,GAA Football All-Ireland Senior Championship,16,1,16,1,2,,null,null
9/14/19,dublin,kerry,GAA Football All-Ireland Senior Championship,18,1,15,0,1,,dublin,kerry
1/25/20,donegal,mayo,Allianz Football League Roinn 1,19,0,13,2,2,,null,null
1/25/20,dublin,kerry,Allianz Football League Roinn 1,19,1,19,1,2,,null,null
1/25/20,armagh,cavan,Allianz Football League Roinn 2,18,2,8,1,1,,armagh,cavan
1/25/20,derry,leitrim,Allianz Football League Roinn 3,11,2,14,1,2,,null,null
1/25/20,cork,offaly,Allianz Football League Roinn 3,20,0,13,0,1,,cork,offaly
1/25/20,waterford,limerick,Allianz Football League Roinn 4,10,0,10,1,0,,limerick,waterford
1/25/20,carlow,wicklow,Allianz Football League Roinn 4,11,0,9,0,1,,carlow,wicklow
1/26/20,tyrone,meath,Allianz Football League Roinn 1,14,1,9,1,1,,tyrone,meath
1/26/20,galway,monaghan,Allianz Football League Roinn 1,14,1,16,0,1,,galway,monaghan
1/26/20,westmeath,clare,Allianz Football League Roinn 2,9,2,11,1,1,,westmeath,clare
1/26/20,roscommon,laois,Allianz Football League Roinn 2,14,2,14,2,2,,null,null
1/26/20,kildare,fermanagh,Allianz Football League Roinn 2,12,2,14,0,1,,kildare,fermanagh
1/26/20,longford,louth,Allianz Football League Roinn 3,16,0,10,1,1,,longford,louth
1/26/20,tipperary,down,Allianz Football League Roinn 3,10,0,10,0,2,,null,null
1/26/20,antrim,wexford,Allianz Football League Roinn 4,10,3,13,0,1,,antrim,wexford
1/26/20,london,sligo,Allianz Football League Roinn 4,11,0,9,5,0,,sligo,london
2/1/20,mayo,dublin,Allianz Football League Roinn 1,8,0,11,1,0,,dublin,mayo
2/1/20,kerry,galway,Allianz Football League Roinn 1,15,1,11,2,1,,kerry,galway
2/1/20,laois,armagh,Allianz Football League Roinn 2,16,0,10,0,1,,laois,armagh
2/1/20,cavan,westmeath,Allianz Football League Roinn 2,17,1,13,1,1,,cavan,westmeath
2/1/20,down,derry,Allianz Football League Roinn 3,14,0,12,0,1,,down,derry
2/1/20,wexford,carlow,Allianz Football League Roinn 4,10,2,6,1,1,,wexford,carlow
2/2/20,monaghan,tyrone,Allianz Football League Roinn 1,12,1,11,0,1,,monaghan,tyrone
2/2/20,meath,donegal,Allianz Football League Roinn 1,7,0,8,3,0,,donegal,meath
2/2/20,clare,kildare,Allianz Football League Roinn 2,11,0,10,0,1,,clare,kildare
2/2/20,fermanagh,roscommon,Allianz Football League Roinn 2,13,0,12,0,1,,fermanagh,roscommon
2/2/20,leitrim,cork,Allianz Football League Roinn 3,9,0,15,1,0,,cork,leitrim
2/2/20,louth,tipperary,Allianz Football League Roinn 3,7,1,11,0,0,,tipperary,louth
2/2/20,offaly,longford,Allianz Football League Roinn 3,10,0,10,0,2,,null,null
2/2/20,limerick,london,Allianz Football League Roinn 4,8,0,7,0,1,,limerick,london
2/2/20,sligo,antrim,Allianz Football League Roinn 4,15,0,14,0,1,,sligo,antrim
2/2/20,wicklow,waterford,Allianz Football League Roinn 4,11,2,6,1,1,,wicklow,waterford
2/8/20,dublin,monaghan,Allianz Football League Roinn 1,15,1,15,1,2,,null,null
2/8/20,armagh,kildare,Allianz Football League Roinn 2,16,0,10,0,1,,armagh,kildare
2/8/20,waterford,wexford,Allianz Football League Roinn 4,8,0,3,2,0,,wexford,waterford
2/9/20,meath,mayo,Allianz Football League Roinn 1,5,2,9,1,0,,mayo,meath
2/9/20,donegal,galway,Allianz Football League Roinn 1,7,2,8,2,0,,galway,donegal
2/9/20,tyrone,kerry,Allianz Football League Roinn 1,14,0,13,0,1,,tyrone,kerry
2/9/20,roscommon,clare,Allianz Football League Roinn 2,8,1,0,4,1,,roscommon,clare
2/9/20,westmeath,fermanagh,Allianz Football League Roinn 2,10,0,8,0,1,,westmeath,fermanagh
2/9/20,derry,tipperary,Allianz Football League Roinn 3,10,0,5,0,1,,derry,tipperary
2/9/20,cork,down,Allianz Football League Roinn 3,16,0,8,1,1,,cork,down
2/9/20,longford,leitrim,Allianz Football League Roinn 3,14,2,9,1,1,,longford,leitrim
2/9/20,carlow,limerick,Allianz Football League Roinn 4,9,0,7,1,0,,limerick,carlow
2/9/20,london,antrim,Allianz Football League Roinn 4,10,0,14,0,0,,antrim,london
2/16/20,laois,cavan,Allianz Football League Roinn 2,6,1,10,3,0,,cavan,laois
2/16/20,louth,offaly,Allianz Football League Roinn 3,10,2,13,2,0,,offaly,louth
2/16/20,wicklow,sligo,Allianz Football League Roinn 4,15,1,10,1,1,,wicklow,sligo
2/22/20,dublin,donegal,Allianz Football League Roinn 1,15,1,14,1,1,,dublin,donegal
2/22/20,fermanagh,cavan,Allianz Football League Roinn 2,11,1,11,2,0,,cavan,fermanagh
2/22/20,tipperary,cork,Allianz Football League Roinn 3,21,0,13,3,0,,cork,tipperary
2/22/20,down,longford,Allianz Football League Roinn 3,13,2,14,1,1,,down,longford
2/22/20,sligo,waterford,Allianz Football League Roinn 4,16,0,12,2,0,,waterford,sligo
2/23/20,kerry,meath,Allianz Football League Roinn 1,19,1,13,2,1,,kerry,meath
2/23/20,galway,tyrone,Allianz Football League Roinn 1,25,2,12,0,1,,galway,tyrone
2/23/20,monaghan,mayo,Allianz Football League Roinn 1,16,2,13,0,1,,monaghan,mayo
2/23/20,westmeath,armagh,Allianz Football League Roinn 2,12,3,15,2,2,,null,null
2/23/20,clare,laois,Allianz Football League Roinn 2,11,1,12,1,0,,laois,clare
2/23/20,kildare,roscommon,Allianz Football League Roinn 2,13,0,11,2,0,,roscommon,kildare
2/23/20,derry,louth,Allianz Football League Roinn 3,10,2,9,1,1,,derry,louth
2/23/20,leitrim,offaly,Allianz Football League Roinn 3,14,0,16,2,0,,offaly,leitrim
2/23/20,wexford,london,Allianz Football League Roinn 4,15,4,9,1,1,,wexford,london
2/23/20,limerick,wicklow,Allianz Football League Roinn 4,10,5,14,1,1,,limerick,wicklow
2/23/20,antrim,carlow,Allianz Football League Roinn 4,11,0,8,1,2,,null,null
2/29/20,tyrone,dublin,Allianz Football League Roinn 1,10,1,7,1,1,,tyrone,dublin
2/29/20,london,wicklow,Allianz Football League Roinn 4,10,2,9,5,0,,wicklow,london
2/29/20,wexford,sligo,Allianz Football League Roinn 4,9,1,7,2,0,,sligo,wexford
3/1/20,mayo,kerry,Allianz Football League Roinn 1,13,1,14,1,0,,kerry,mayo
3/1/20,donegal,monaghan,Allianz Football League Roinn 1,12,2,8,0,1,,donegal,monaghan
3/1/20,meath,galway,Allianz Football League Roinn 1,12,1,14,1,0,,galway,meath
3/1/20,laois,kildare,Allianz Football League Roinn 2,10,0,15,0,0,,kildare,laois
3/1/20,roscommon,westmeath,Allianz Football League Roinn 2,16,1,12,0,1,,roscommon,westmeath
3/1/20,cavan,clare,Allianz Football League Roinn 2,15,0,14,1,0,,clare,cavan
3/1/20,louth,leitrim,Allianz Football League Roinn 3,12,1,14,3,0,,leitrim,louth
3/1/20,cork,derry,Allianz Football League Roinn 3,13,3,11,3,1,,cork,derry
3/1/20,longford,down,Allianz Football League Roinn 3,9,0,17,0,0,,down,longford
3/1/20,antrim,limerick,Allianz Football League Roinn 4,21,2,12,1,1,,antrim,limerick
3/1/20,waterford,carlow,Allianz Football League Roinn 4,14,2,14,2,2,,null,null
3/7/20,fermanagh,armagh,Allianz Football League Roinn 2,10,0,14,3,0,,armagh,fermanagh
10/17/20,monaghan,kerry,Allianz Football League Roinn 1,14,0,17,0,0,,kerry,monaghan
10/17/20,dublin,meath,Allianz Football League Roinn 1,20,1,19,0,1,,dublin,meath
10/17/20,westmeath,laois,Allianz Football League Roinn 2,18,1,13,0,1,,westmeath,laois
10/17/20,armagh,roscommon,Allianz Football League Roinn 2,15,0,10,3,0,,roscommon,armagh
10/17/20,down,leitrim,Allianz Football League Roinn 3,0,0,0,0,2,,null,null
10/17/20,cork,louth,Allianz Football League Roinn 3,19,5,16,0,1,,cork,louth
10/17/20,derry,longford,Allianz Football League Roinn 3,14,2,12,0,1,,derry,longford
10/17/20,wicklow,antrim,Allianz Football League Roinn 4,11,7,7,0,1,,wicklow,antrim
10/17/20,carlow,sligo,Allianz Football League Roinn 4,17,2,15,2,1,,carlow,sligo
10/18/20,galway,mayo,Allianz Football League Roinn 1,17,0,3,23,0,,galway,mayo
10/18/20,donegal,tyrone,Allianz Football League Roinn 1,17,2,13,2,1,,donegal,tyrone
10/18/20,clare,fermanagh,Allianz Football League Roinn 2,11,1,9,1,1,,clare,fermanagh
10/18/20,kildare,cavan,Allianz Football League Roinn 2,21,1,20,0,1,,kildare,cavan
10/18/20,tipperary,offaly,Allianz Football League Roinn 3,16,1,16,0,1,,tipperary,offaly
10/18/20,waterford,london,Allianz Football League Roinn 4,0,0,0,0,2,,null,null
10/18/20,london,carlow,Allianz Football League Roinn 4,0,0,0,0,2,,null,null
10/18/20,limerick,wexford,Allianz Football League Roinn 4,10,1,13,1,0,,wexford,limerick
10/24/20,kerry,donegal,Allianz Football League Roinn 1,18,2,10,0,1,,kerry,donegal
10/24/20,kildare,westmeath,Allianz Football League Roinn 2,16,0,11,0,1,,kildare,westmeath
10/24/20,cavan,roscommon,Allianz Football League Roinn 2,13,0,12,1,0,,roscommon,cavan
10/24/20,clare,armagh,Allianz Football League Roinn 2,13,1,18,1,0,,armagh,clare
10/24/20,fermanagh,laois,Allianz Football League Roinn 2,11,1,12,3,0,,laois,fermanagh
10/24/20,antrim,waterford,Allianz Football League Roinn 4,14,2,13,0,1,,antrim,waterford
10/24/20,sligo,limerick,Allianz Football League Roinn 4,14,1,16,1,0,,limerick,sligo
10/24/20,wexford,wicklow,Allianz Football League Roinn 4,10,0,13,0,0,,wicklow,wexford
10/25/20,galway,dublin,Allianz Football League Roinn 1,15,0,15,2,0,,dublin,galway
10/25/20,monaghan,meath,Allianz Football League Roinn 1,14,2,17,1,2,,null,null
10/25/20,mayo,tyrone,Allianz Football League Roinn 1,19,1,14,3,0,,tyrone,mayo
10/25/20,longford,cork,Allianz Football League Roinn 3,0,0,0,0,2,,null,null
10/25/20,offaly,derry,Allianz Football League Roinn 3,10,1,12,1,0,,derry,offaly
10/25/20,leitrim,tipperary,Allianz Football League Roinn 3,15,0,11,2,0,,tipperary,leitrim
10/25/20,louth,down,Allianz Football League Roinn 3,14,3,16,0,1,,louth,down
10/31/20,wexford,limerick,Munster GAA Football Senior Championship,9,0,14,2,0,,limerick,wexford
10/31/20,monaghan,cavan,Ulster GAA Football Senior Championship,17,1,15,2,0,,cavan,monaghan
11/1/20,leitrim,mayo,Connacht GAA Football Senior Championship,10,0,15,2,0,,mayo,leitrim
11/1/20,louth,longford,Leinster GAA Football Senior Championship,7,1,9,1,0,,longford,louth
11/1/20,wexford,wicklow,Leinster GAA Football Senior Championship,11,0,9,2,0,,wicklow,wexford
11/1/20,offaly,carlow,Leinster GAA Football Senior Championship,14,3,20,0,1,,offaly,carlow
11/1/20,tipperary,clare,Munster GAA Football Senior Championship,11,2,11,1,1,,tipperary,clare
11/1/20,donegal,tyrone,Ulster GAA Football Senior Championship,13,1,11,1,1,,donegal,tyrone
11/1/20,derry,armagh,Ulster GAA Football Senior Championship,15,0,17,0,0,,armagh,derry
11/7/20,galway,sligo,Connacht GAA Football Senior Championship,0,0,0,0,2,,null,null
11/7/20,westmeath,dublin,Leinster GAA Football Senior Championship,11,0,22,0,0,,dublin,westmeath
11/7/20,limerick,tipperary,Munster GAA Football Senior Championship,11,2,15,1,0,,tipperary,limerick
11/7/20,cavan,antrim,Ulster GAA Football Senior Championship,13,0,9,0,1,,cavan,antrim
11/8/20,roscommon,mayo,Connacht GAA Football Senior Championship,13,0,16,1,0,,mayo,roscommon
11/8/20,longford,laois,Leinster GAA Football Senior Championship,14,1,16,1,0,,laois,longford
11/8/20,wicklow,meath,Leinster GAA Football Senior Championship,7,0,14,7,0,,meath,wicklow
11/8/20,kildare,offaly,Leinster GAA Football Senior Championship,20,0,16,0,1,,kildare,offaly
11/8/20,cork,kerry,Munster GAA Football Senior Championship,12,1,13,0,1,,cork,kerry
11/8/20,fermanagh,down,Ulster GAA Football Senior Championship,11,0,15,1,0,,down,fermanagh
11/14/20,donegal,armagh,Ulster GAA Football Senior Championship,22,1,13,0,1,,donegal,armagh
11/15/20,galway,mayo,Connacht GAA Football Senior Championship,13,0,14,0,0,,mayo,galway
11/15/20,meath,kildare,Leinster GAA Football Senior Championship,9,5,15,0,1,,meath,kildare
11/15/20,dublin,laois,Leinster GAA Football Senior Championship,23,2,7,0,1,,dublin,laois
11/15/20,cavan,down,Ulster GAA Football Senior Championship,14,1,13,1,1,,cavan,down
11/21/20,dublin,meath,Leinster GAA Football Senior Championship,21,3,9,0,1,,dublin,meath
11/22/20,cork,tipperary,Munster GAA Football Senior Championship,14,0,17,0,0,,tipperary,cork
11/22/20,cavan,donegal,Ulster GAA Football Senior Championship,13,1,12,0,1,,cavan,donegal
12/5/20,cavan,dublin,GAA Football All-Ireland Senior Championship,12,0,24,1,0,,dublin,cavan
12/6/20,mayo,tipperary,GAA Football All-Ireland Senior Championship,20,5,13,3,1,,mayo,dublin
12/19/20,dublin,mayo,GAA Football All-Ireland Senior Championship,14,2,15,0,1,,dublin,mayo
5/15/21,kerry,galway,Allianz Football League Roinn 1,21,4,11,0,1,,kerry,galway
5/15/21,tyrone,donegal,Allianz Football League Roinn 1,16,0,18,0,0,,donegal,tyrone
5/15/21,mayo,down,Allianz Football League Roinn 2,21,2,11,1,1,,mayo,down
5/15/21,cork,kildare,Allianz Football League Roinn 2,14,0,12,2,0,,kildare,cork
5/15/21,longford,derry,Allianz Football League Roinn 3,5,0,21,0,0,,derry,longford
5/15/21,limerick,tipperary,Allianz Football League Roinn 3,13,1,14,0,1,,limerick,tipperary
5/15/21,fermanagh,cavan,Allianz Football League Roinn 3,15,0,14,0,1,,fermanagh,cavan
5/15/21,louth,antrim,Allianz Football League Roinn 4,8,3,15,1,0,,antrim,louth
5/15/21,waterford,carlow,Allianz Football League Roinn 4,10,0,16,3,0,,carlow,waterford
5/16/21,roscommon,dublin,Allianz Football League Roinn 1,16,0,22,1,0,,dublin,roscommon
5/16/21,monaghan,armagh,Allianz Football League Roinn 1,12,1,16,1,0,,armagh,monaghan
5/16/21,meath,westmeath,Allianz Football League Roinn 2,16,0,15,0,1,,meath,westmeath
5/16/21,clare,laois,Allianz Football League Roinn 2,16,1,12,0,1,,clare,laois
5/16/21,wicklow,offaly,Allianz Football League Roinn 3,10,1,14,1,0,,offaly,wicklow
5/16/21,sligo,leitrim,Allianz Football League Roinn 4,19,2,18,0,1,,sligo,leitrim
5/22/21,donegal,monaghan,Allianz Football League Roinn 1,20,1,11,4,2,,null,null
5/22/21,armagh,tyrone,Allianz Football League Roinn 1,10,2,15,2,0,,tyrone,armagh
5/22/21,westmeath,mayo,Allianz Football League Roinn 2,12,2,21,0,0,,mayo,westmeath
5/22/21,laois,cork,Allianz Football League Roinn 2,10,0,12,2,0,,cork,laois
5/22/21,offaly,limerick,Allianz Football League Roinn 3,16,0,11,1,1,,offaly,limerick
5/22/21,tipperary,wicklow,Allianz Football League Roinn 3,12,2,12,1,1,,tipperary,wicklow
5/22/21,derry,fermanagh,Allianz Football League Roinn 3,13,5,9,0,1,,derry,fermanagh
5/22/21,cavan,longford,Allianz Football League Roinn 3,19,1,13,1,1,,cavan,longford
5/22/21,wexford,waterford,Allianz Football League Roinn 4,18,0,13,2,0,,waterford,wexford
5/23/21,dublin,kerry,Allianz Football League Roinn 1,9,4,18,1,2,,null,null
5/23/21,galway,roscommon,Allianz Football League Roinn 1,16,2,13,1,1,,galway,roscommon
5/23/21,kildare,clare,Allianz Football League Roinn 2,13,0,13,1,0,,clare,kildare
5/23/21,down,meath,Allianz Football League Roinn 2,14,0,15,2,0,,meath,down
5/23/21,leitrim,louth,Allianz Football League Roinn 4,10,0,19,0,0,,louth,leitrim
5/23/21,antrim,sligo,Allianz Football League Roinn 4,13,3,12,3,1,,antrim,sligo
5/29/21,armagh,donegal,Allianz Football League Roinn 1,16,1,16,1,2,,null ,null
5/29/21,tyrone,monaghan,Allianz Football League Roinn 1,14,0,14,0,2,,null,null
5/29/21,cavan,derry,Allianz Football League Roinn 3,11,2,16,1,0,,derry,cavan
5/29/21,fermanagh,longford,Allianz Football League Roinn 3,15,1,18,0,2,,null,null
5/29/21,offaly,tipperary,Allianz Football League Roinn 3,17,1,12,1,1,,offaly,tipperary
5/29/21,wicklow,limerick,Allianz Football League Roinn 3,12,1,19,2,0,,limerick,wicklow
5/29/21,carlow,wexford,Allianz Football League Roinn 4,12,2,11,2,1,,carlow,wexford
5/30/21,roscommon,kerry,Allianz Football League Roinn 1,12,1,15,2,0,,kerry,roscommon
5/30/21,galway,dublin,Allianz Football League Roinn 1,15,1,16,2,0,,dublin,galway
5/30/21,mayo,meath,Allianz Football League Roinn 2,17,3,12,2,1,,mayo,meath
5/30/21,westmeath,down,Allianz Football League Roinn 2,9,1,13,0,0,,down,westmeath
5/30/21,laois,kildare,Allianz Football League Roinn 2,8,1,18,2,0,,kildare,laois
5/30/21,clare,cork,Allianz Football League Roinn 2,18,1,22,0,0,,cork,clare
5/30/21,antrim,leitrim,Allianz Football League Roinn 4,17,2,19,1,1,,antrim,leitrim
5/30/21,louth,sligo,Allianz Football League Roinn 4,18,3,14,1,1,,louth,sligo
6/12/21,tyrone,kerry,Allianz Football League Roinn 1,13,1,16,6,0,,kerry,tyrone
6/12/21,donegal,dublin,Allianz Football League Roinn 1,14,1,18,1,0,,dublin,donegal
6/12/21,cork,westmeath,Allianz Football League Roinn 2,22,3,25,0,1,,cork,westmeath
6/12/21,down,laois,Allianz Football League Roinn 2,19,2,12,2,1,,down,laois
6/12/21,cavan,wicklow,Allianz Football League Roinn 3,18,0,11,3,0,,wicklow,cavan
6/12/21,derry,limerick,Allianz Football League Roinn 3,17,0,13,0,1,,derry,limerick
6/12/21,offaly,fermanagh,Allianz Football League Roinn 3,14,1,12,0,1,,offaly,fermanagh
6/12/21,carlow,louth,Allianz Football League Roinn 4,15,1,23,1,0,,louth,carlow
6/13/21,armagh,roscommon,Allianz Football League Roinn 1,17,1,11,0,1,,armagh,roscommon
6/13/21,monaghan,galway,Allianz Football League Roinn 1,21,1,17,2,1,,monaghan,galway
6/13/21,clare,mayo,Allianz Football League Roinn 2,18,2,22,2,0,,mayo,clare
6/13/21,kildare,meath,Allianz Football League Roinn 2,14,1,14,0,1,,kildare,meath
6/13/21,longford,tipperary,Allianz Football League Roinn 3,13,1,9,0,1,,longford,tipperary
6/13/21,waterford,antrim,Allianz Football League Roinn 4,11,0,15,1,0,,antrim,waterford
6/13/21,sligo,wexford,Allianz Football League Roinn 4,9,0,15,2,0,,wexford,sligo
6/19/21,derry,offaly,Allianz Football League Roinn 3,21,0,6,1,1,,derry,offaly
6/26/21,sligo,mayo,Connacht GAA Football Senior Championship,12,0,23,3,0,,mayo,sligo
6/26/21,limerick,waterford,Munster GAA Football Senior Championship,18,4,12,0,1,,limerick,waterford
6/26/21,kerry,clare,Munster GAA Football Senior Championship,22,3,11,1,1,,kerry,clare
6/27/21,offaly,louth,Leinster GAA Football Senior Championship,19,3,19,0,1,,offaly,louth
6/27/21,wicklow,wexford,Leinster GAA Football Senior Championship,14,0,11,2,0,,wexford,wicklow
6/27/21,carlow,longford,Leinster GAA Football Senior Championship,13,2,25,0,0,,longford,carlow
6/27/21,down,donegal,Ulster GAA Football Senior Championship,12,1,25,2,0,,donegal,down
7/3/21,monaghan,fermanagh,Ulster GAA Football Senior Championship,21,1,14,0,1,,monaghan,fermanagh
7/4/21,roscommon,galway,Connacht GAA Football Senior Championship,12,0,11,2,0,,galway,roscommon
7/4/21,laois,westmeath,Leinster GAA Football Senior Championship,10,1,20,3,0,,westmeath,laois
7/4/21,meath,longford,Leinster GAA Football Senior Championship,22,4,12,0,1,,meath,longford
7/4/21,wexford,dublin,Leinster GAA Football Senior Championship,7,0,15,0,0,,dublin,wexford
7/4/21,kildare,offaly,Leinster GAA Football Senior Championship,15,1,13,0,1,,kildare,offaly
7/4/21,armagh,antrim,Ulster GAA Football Senior Championship,15,4,14,0,1,,armagh,antrim
7/10/21,limerick,cork,Munster GAA Football Senior Championship,11,0,16,1,0,,cork,limerick
7/10/21,tipperary,kerry,Munster GAA Football Senior Championship,8,1,19,1,0,,kerry,tipperary
7/10/21,tyrone,cavan,Ulster GAA Football Senior Championship,18,1,13,0,1,,tyrone,cavan
7/11/21,mayo,leitrim,Connacht GAA Football Senior Championship,20,5,11,0,1,,mayo,leitrim
7/11/21,donegal,derry,Ulster GAA Football Senior Championship,16,0,15,0,1,,donegal,derry
7/17/21,armagh,monaghan,Ulster GAA Football Senior Championship,21,2,17,4,0,,monaghan,armagh
7/18/21,kildare,westmeath,Leinster GAA Football Senior Championship,14,2,18,0,1,,kildare,westmeath
7/18/21,dublin,meath,Leinster GAA Football Senior Championship,16,2,13,1,1,,dublin,meath
7/18/21,tyrone,donegal,Ulster GAA Football Senior Championship,23,0,14,1,1,,tyrone,donegal
7/25/21,galway,mayo,Connacht GAA Football Senior Championship,8,2,14,2,0,,mayo,galway
7/25/21,kerry,cork,Munster GAA Football Senior Championship,22,4,9,1,1,,kerry,cork
7/31/21,monaghan,tyrone,Ulster GAA Football Senior Championship,15,0,16,0,0,,tyrone,monaghan
8/1/21,dublin,kildare,Leinster GAA Football Senior Championship,20,0,9,1,1,,dublin,kildare
8/14/21,dublin,mayo,GAA Football All-Ireland Senior Championship,14,0,17,0,0,,mayo,dublin
8/28/21,kerry,tyrone,GAA Football All-Ireland Senior Championship,22,0,14,3,0,,tyrone,kerry
9/11/21,mayo,tyrone,GAA Football All-Ireland Senior Championship,15,0,14,2,0,,tyrone,mayo
1/29/22,dublin,armagh,Allianz Football League Roinn 1,13,1,15,2,0,,armagh,dublin
1/29/22,derry,down,Allianz Football League Roinn 2,10,1,6,0,1,,derry,down
1/29/22,limerick,longford,Allianz Football League Roinn 3,9,4,11,1,1,,limerick,longford
1/29/22,fermanagh,antrim,Allianz Football League Roinn 3,8,0,14,1,0,,antrim,fermanagh
1/29/22,carlow,london,Allianz Football League Roinn 4,13,1,11,2,0,,london,carlow
1/30/22,kildare,kerry,Allianz Football League Roinn 1,13,0,10,1,2,,null,null
1/30/22,mayo,donegal,Allianz Football League Roinn 1,11,0,11,0,2,,null,null
1/30/22,tyrone,monaghan,Allianz Football League Roinn 1,9,0,9,0,2,,null,null
1/30/22,roscommon,cork,Allianz Football League Roinn 2,13,1,10,0,1,,roscommon,cork
1/30/22,galway,meath,Allianz Football League Roinn 2,14,1,6,0,1,,galway,meath
1/30/22,clare,offaly,Allianz Football League Roinn 2,13,1,7,0,1,,clare,offaly
1/30/22,westmeath,wicklow,Allianz Football League Roinn 3,16,1,8,2,1,,westmeath,wicklow
1/30/22,louth,laois,Allianz Football League Roinn 3,10,1,9,3,0,,laois,louth
1/30/22,leitrim,cavan,Allianz Football League Roinn 4,8,0,12,0,0,,cavan,leitrim
1/30/22,wexford,sligo,Allianz Football League Roinn 4,10,0,12,0,0,,sligo,wexford
1/30/22,waterford,tipperary,Allianz Football League Roinn 4,10,0,10,0,2,,null,null
2/5/22,kerry,dublin,Allianz Football League Roinn 1,15,1,11,0,1,,kerry,dublin
2/5/22,down,galway,Allianz Football League Roinn 2,9,0,12,1,0,,galway,down
2/5/22,cork,clare,Allianz Football League Roinn 2,13,1,13,1,2,,null ,null
2/5/22,antrim,limerick,Allianz Football League Roinn 3,11,0,9,2,0,,limerick,antrim
2/6/22,armagh,tyrone,Allianz Football League Roinn 1,14,2,14,0,1,,armagh,tyrone
2/6/22,monaghan,mayo,Allianz Football League Roinn 1,11,1,10,2,0,,mayo,monaghan
2/6/22,donegal,kildare,Allianz Football League Roinn 1,11,2,9,1,1,,donegal,kildare
2/6/22,offaly,derry,Allianz Football League Roinn 2,7,0,13,2,0,,derry,offaly
2/6/22,meath,roscommon,Allianz Football League Roinn 2,11,1,15,1,0,,roscommon,meath
2/6/22,longford,louth,Allianz Football League Roinn 3,9,0,6,1,2,,null,null
2/6/22,laois,westmeath,Allianz Football League Roinn 3,11,0,11,2,0,,westmeath,laois
2/6/22,wicklow,fermanagh,Allianz Football League Roinn 3,10,1,7,2,2,,null,null
2/6/22,sligo,carlow,Allianz Football League Roinn 4,28,0,5,0,1,,sligo,carlow
2/6/22,london,waterford,Allianz Football League Roinn 4,12,1,8,2,0,,waterford,london
2/6/22,tipperary,leitrim,Allianz Football League Roinn 4,8,2,16,2,0,,leitrim,tipperary
2/6/22,cavan,wexford,Allianz Football League Roinn 4,17,0,8,1,1,,cavan,wexford
2/19/22,armagh,monaghan,Allianz Football League Roinn 1,7,1,10,0,2,,null,null
2/19/22,dublin,mayo,Allianz Football League Roinn 1,12,0,11,2,0,,mayo,dublin
2/19/22,antrim,wicklow,Allianz Football League Roinn 3,10,2,7,1,1,,antrim,wicklow
2/19/22,carlow,waterford,Allianz Football League Roinn 3,12,2,8,2,1,,carlow,waterford
2/20/22,kerry,donegal,Allianz Football League Roinn 1,13,1,7,0,1,,kerry,donegal
2/20/22,tyrone,kildare,Allianz Football League Roinn 1,7,2,12,0,1,,tyrone,kildare
2/20/22,derry,cork,Allianz Football League Roinn 2,13,1,7,0,1,,derry,cork
2/20/22,roscommon,clare,Allianz Football League Roinn 2,9,0,9,0,2,,null ,null
2/20/22,meath,down,Allianz Football League Roinn 2,6,2,6,2,2,,null,null
2/20/22,limerick,louth,Allianz Football League Roinn 3,12,1,14,1,0,,louth,limerick
2/20/22,leitrim,london,Allianz Football League Roinn 4,9,0,5,2,0,,london,leitrim
2/26/22,donegal,tyrone,Allianz Football League Roinn 1,10,2,12,0,1,,donegal,tyrone
2/26/22,offaly,meath,Allianz Football League Roinn 2,10,1,10,1,2,,null,null
2/26/22,down,roscommon,Allianz Football League Roinn 2,10,0,18,1,0,,roscommon,down
2/26/22,cork,galway,Allianz Football League Roinn 2,17,2,22,3,0,,galway,cork
2/26/22,wicklow,limerick,Allianz Football League Roinn 3,9,1,13,1,0,,limerick,wicklow
2/26/22,laois,antrim,Allianz Football League Roinn 3,8,1,8,1,2,,null,null
2/26/22,tipperary,sligo,Allianz Football League Roinn 4,13,1,9,1,1,,tipperary,sligo
2/27/22,kildare,dublin,Allianz Football League Roinn 1,12,1,12,0,1,,kildare,dublin
2/27/22,monaghan,kerry,Allianz Football League Roinn 1,12,1,14,3,0,,kerry,monaghan
2/27/22,mayo,armagh,Allianz Football League Roinn 1,15,0,10,1,1,,mayo,armagh
2/27/22,clare,derry,Allianz Football League Roinn 2,10,0,13,2,0,,derry,clare
2/27/22,louth,westmeath,Allianz Football League Roinn 3,15,1,13,1,1,,louth,westmeath
2/27/22,longford,fermanagh,Allianz Football League Roinn 3,10,1,11,3,0,,fermanagh,longford
2/27/22,london,wexford,Allianz Football League Roinn 4,6,1,11,0,0,,wexford,london
2/27/22,cavan,carlow,Allianz Football League Roinn 4,19,0,12,1,1,,cavan,carlow
2/27/22,waterford,leitrim,Allianz Football League Roinn 4,13,1,17,2,0,,leitrim,waterford
3/5/22,westmeath,longford,Allianz Football League Roinn 3,10,0,14,0,0,,longford,westmeath
3/5/22,fermanagh,laois,Allianz Football League Roinn 3,15,3,9,3,1,,fermanagh,laois
3/6/22,galway,offaly,Allianz Football League Roinn 2,17,2,10,3,1,,galway,offaly
3/6/22,sligo,cavan,Allianz Football League Roinn 4,10,0,13,1,0,,cavan,sligo
3/6/22,wexford,tipperary,Allianz Football League Roinn 4,15,0,4,4,0,,tipperary,wexford
3/12/22,armagh,kildare,Allianz Football League Roinn 1,12,1,10,0,1,,armagh,kildare
3/12/22,kerry,mayo,Allianz Football League Roinn 1,12,1,14,0,1,,kerry,mayo
3/12/22,down,offaly,Allianz Football League Roinn 2,14,0,15,0,0,,offaly,down
3/12/22,antrim,longford,Allianz Football League Roinn 3,19,1,12,0,1,,antrim,longford
3/12/22,limerick,westmeath,Allianz Football League Roinn 3,6,1,12,1,0,,westmeath,limerick
3/13/22,donegal,monaghan,Allianz Football League Roinn 1,10,0,12,1,0,,monaghan,donegal
3/13/22,tyrone,dublin,Allianz Football League Roinn 1,8,0,13,0,0,,dublin,tyrone
3/13/22,roscommon,derry,Allianz Football League Roinn 2,12,0,12,0,2,,null,null
3/13/22,meath,cork,Allianz Football League Roinn 2,18,1,10,1,1,,meath,cork
3/13/22,galway,clare,Allianz Football League Roinn 2,8,2,5,1,1,,galway,clare
3/13/22,wicklow,laois,Allianz Football League Roinn 3,8,0,17,1,0,,laois,wicklow
3/13/22,fermanagh,louth,Allianz Football League Roinn 3,14,0,12,2,0,,louth,fermanagh
3/13/22,sligo,london,Allianz Football League Roinn 4,19,3,10,0,1,,sligo,london
3/13/22,carlow,leitrim,Allianz Football League Roinn 4,10,1,14,2,0,,leitrim,carlow
3/13/22,wexford,waterford,Allianz Football League Roinn 4,15,0,14,0,1,,wexford,waterford
3/13/22,cavan,tipperary,Allianz Football League Roinn 4,7,1,11,1,0,,tipperary,cavan
3/19/22,tyrone,mayo,Allianz Football League Roinn 1,11,0,9,0,1,,tyrone,mayo
3/19/22,laois,limerick,Allianz Football League Roinn 3,14,0,15,0,0,,limerick,laois
3/20/22,armagh,kerry,Allianz Football League Roinn 1,13,0,13,1,0,,kerry,armagh
3/20/22,kildare,monaghan,Allianz Football League Roinn 1,24,0,12,1,1,,kildare,monaghan
3/20/22,dublin,donegal,Allianz Football League Roinn 1,15,2,11,2,1,,dublin,donegal
3/20/22,cork,down,Allianz Football League Roinn 2,16,1,12,1,1,,cork,down
3/20/22,derry,galway,Allianz Football League Roinn 2,12,0,11,4,0,,galway,derry
3/20/22,offaly,roscommon,Allianz Football League Roinn 2,14,0,18,2,0,,roscommon,offaly
3/20/22,clare,meath,Allianz Football League Roinn 2,9,0,10,0,0,,meath,clare
3/20/22,louth,antrim,Allianz Football League Roinn 3,12,1,8,1,1,,louth,antrim
3/20/22,westmeath,fermanagh,Allianz Football League Roinn 3,9,1,12,0,2,,null,null
3/20/22,longford,wicklow,Allianz Football League Roinn 3,13,2,20,0,0,,wicklow,longford
3/20/22,london,cavan,Allianz Football League Roinn 4,11,2,15,1,0,,cavan,london
3/20/22,waterford,sligo,Allianz Football League Roinn 4,11,1,15,0,0,,sligo,waterford
3/20/22,leitrim,wexford,Allianz Football League Roinn 4,9,3,11,1,1,,leitrim,wexford
3/20/22,tipperary,carlow,Allianz Football League Roinn 4,16,2,11,0,1,,tipperary,carlow
3/26/22,carlow,wexford,Allianz Football League Roinn 4,14,0,11,1,2,,null,null
3/26/22,cavan,waterford,Allianz Football League Roinn 4,21,3,10,0,1,,cavan,waterford
3/26/22,tipperary,london,Allianz Football League Roinn 4,14,1,12,0,1,,tipperary,london
3/27/22,monaghan,dublin,Allianz Football League Roinn 1,13,3,18,1,1,,monaghan,dublin
3/27/22,donegal,armagh,Allianz Football League Roinn 1,14,1,13,1,1,,donegal,armagh
3/27/22,kerry,tyrone,Allianz Football League Roinn 1,11,2,15,1,0,,tyrone,kerry
3/27/22,mayo,kildare,Allianz Football League Roinn 1,20,2,18,0,1,,mayo,kildare
3/27/22,down,clare,Allianz Football League Roinn 2,9,1,14,2,0,,clare,down
3/27/22,roscommon,galway,Allianz Football League Roinn 2,20,1,15,1,1,,roscommon,galway
3/27/22,offaly,cork,Allianz Football League Roinn 2,20,1,21,1,0,,cork,offaly
3/27/22,meath,derry,Allianz Football League Roinn 2,11,2,16,1,0,,derry,meath
3/27/22,antrim,westmeath,Allianz Football League Roinn 3,12,0,13,1,0,,westmeath,antrim
3/27/22,limerick,fermanagh,Allianz Football League Roinn 3,16,1,14,0,1,,limerick,fermanagh
3/27/22,laois,longford,Allianz Football League Roinn 3,13,1,17,2,0,,longford,laois
3/27/22,wicklow,louth,Allianz Football League Roinn 3,13,1,17,2,0,,louth,wicklow
3/27/22,sligo,leitrim,Allianz Football League Roinn 4,16,2,10,2,1,,sligo,leitrim
4/2/22,louth,limerick,Allianz Football League Roinn 3,14,1,12,0,1,,louth,limerick
4/2/22,cavan,tipperary,Allianz Football League Roinn 4,10,2,15,0,1,,cavan,tipperary
4/3/22,kerry,mayo,Allianz Football League Roinn 1,19,3,13,0,1,,kerry,mayo
4/3/22,roscommon,galway,Allianz Football League Roinn 1,20,1,22,0,1,,roscommon,galway
4/16/22,fermanagh,tyrone,Ulster GAA Football Senior Championship,10,2,17,2,0,,tyrone,fermanagh
4/17/22,london,leitrim,Connacht GAA Football Senior Championship,11,2,12,3,0,,leitrim,london
4/17/22,new_york,sligo,Connacht GAA Football Senior Championship,15,0,16,1,0,,sligo,new_york
4/23/22,antrim,cavan,Ulster GAA Football Senior Championship,10,0,20,1,0,,cavan,antrim
4/24/22,mayo,galway,Connacht GAA Football Senior Championship,16,0,14,1,0,,galway,mayo
4/24/22,louth,carlow,Leinster GAA Football Senior Championship,10,5,10,0,1,,louth,carlow
4/24/22,wexford,offaly,Leinster GAA Football Senior Championship,15,1,12,1,1,,wexford,offaly
4/24/22,wicklow,laois,Leinster GAA Football Senior Championship,15,5,12,4,1,,wicklow,laois
4/24/22,donegal,armagh,Ulster GAA Football Senior Championship,16,1,12,0,1,,donegal,armagh
4/30/22,sligo,roscommon,Connacht GAA Football Senior Championship,11,0,23,0,0,,roscommon,sligo
4/30/22,westmeath,longford,Leinster GAA Football Senior Championship,13,3,14,0,1,,westmeath,longford
4/30/22,wexford,dublin,Leinster GAA Football Senior Championship,4,0,24,1,0,,dublin,wexford
4/30/22,clare,limerick,Munster GAA Football Senior Championship,19,1,16,2,2,,null,null
4/30/22,waterford,tipperary,Munster GAA Football Senior Championship,8,1,13,2,0,,tipperary,waterford
4/30/22,monaghan,down,Ulster GAA Football Senior Championship,23,0,7,2,1,,monaghan,down
5/1/22,meath,wicklow,Leinster GAA Football Senior Championship,13,4,12,1,1,,meath,wicklow
5/1/22,kildare,louth,Leinster GAA Football Senior Championship,22,2,12,0,1,,kildare,louth
5/1/22,tyrone,derry,Ulster GAA Football Senior Championship,10,0,18,1,0,,derry,tyrone
5/7/22,cork,kerry,Munster GAA Football Senior Championship,11,0,23,0,0,,kerry,cork
5/8/22,galway,leitrim,Connacht GAA Football Senior Championship,20,4,9,0,1,,galway,leitrim
5/8/22,cavan,donegal,Ulster GAA Football Senior Championship,16,0,16,2,0,,donegal,cavan
5/14/22,tipperary,limerick,Munster GAA Football Senior Championship,10,0,10,2,0,,limerick,tipperary
5/15/22,kildare,westmeath,Leinster GAA Football Senior Championship,21,1,15,2,1,,kildare,westmeath
5/15/22,dublin,meath,Leinster GAA Football Senior Championship,27,1,14,1,1,,dublin,meath
5/15/22,derry,monaghan,Ulster GAA Football Senior Championship,12,3,17,0,1,,derry,monaghan
5/21/22,wicklow,waterford,Tailteann Cup,16,3,10,1,1,,wicklow,waterford
5/22/22,wexford,offaly,Tailteann Cup,13,2,11,3,0,,offaly,wexford
5/28/22,dublin,kildare,Leinster GAA Football Senior Championship,17,5,15,1,1,,dublin,kildare
5/28/22,kerry,limerick,Munster GAA Football Senior Championship,28,1,8,0,1,,kerry,limerick
5/28/22,cavan,down,Tailteann Cup,24,0,12,1,1,,cavan,down
5/28/22,leitrim,antrim,Tailteann Cup,14,2,12,1,1,,leitrim,antrim
5/28/22,longford,fermanagh,Tailteann Cup,12,0,12,1,0,,fermanagh,longford
5/28/22,sligo,london,Tailteann Cup,15,3,16,2,1,,sligo,london
5/29/22,galway,roscommon,Connacht GAA Football Senior Championship,19,2,16,2,1,,galway,roscommon
5/29/22,derry,donegal,Ulster GAA Football Senior Championship,16,1,14,1,1,,derry,donegal
5/29/22,laois,westmeath,Tailteann Cup,13,0,13,1,0,,westmeath,laois
5/29/22,offaly,wicklow,Tailteann Cup,18,0,10,0,1,,offaly,wicklow
5/29/22,carlow,tipperary,Tailteann Cup,12,1,10,1,1,,carlow,tipperary
6/4/22,cork,louth,GAA Football All-Ireland Senior Championship,12,2,8,2,1,,cork,louth
6/4/22,mayo,monaghan,GAA Football All-Ireland Senior Championship,13,1,12,0,1,,mayo,monaghan
6/4/22,clare,meath,GAA Football All-Ireland Senior Championship,11,1,9,1,1,,clare,meath
6/4/22,offaly,new_york,Tailteann Cup,17,3,11,0,1,,offaly,new_york
6/5/22,armagh,tyrone,GAA Football All-Ireland Senior Championship,16,1,10,1,1,,armagh,tyrone
6/5/22,carlow,westmeath,Tailteann Cup,13,2,21,1,0,,westmeath,carlow
6/5/22,leitrim,sligo,Tailteann Cup,16,2,19,1,2,,null,null
6/5/22,fermanagh,cavan,Tailteann Cup,13,0,16,2,0,,cavan,fermanagh
6/11/22,clare,roscommon,GAA Football All-Ireland Senior Championship,15,2,17,1,1,,clare,roscommon
6/11/22,mayo,kildare,GAA Football All-Ireland Senior Championship,13,2,14,0,1,,mayo,kildare
6/12/22,cork,limerick,GAA Football All-Ireland Senior Championship,18,2,16,1,1,,cork,limerick
6/12/22,armagh,donegal,GAA Football All-Ireland Senior Championship,17,3,16,0,1,,armagh,donegal
6/19/22,sligo,cavan,Tailteann Cup,14,1,20,0,0,,cavan,sligo
6/19/22,westmeath,offaly,Tailteann Cup,22,3,16,2,1,,westmeath,offaly
6/25/22,derry,clare,GAA Football All-Ireland Senior Championship,13,5,8,2,1,,derry,clare
6/25/22,dublin,cork,GAA Football All-Ireland Senior Championship,21,0,10,0,1,,dublin,cork
6/26/22,galway,armagh,GAA Football All-Ireland Senior Championship,21,2,18,3,2,,null,null
6/26/22,kerry,mayo,GAA Football All-Ireland Senior Championship,18,1,13,0,1,,kerry,mayo
7/9/22,galway,derry,GAA Football All-Ireland Senior Championship,8,2,6,1,1,,galway,derry
7/9/22,cavan,westmeath,Tailteann Cup,13,1,14,2,0,,westmeath,cavan
7/10/22,dublin,kerry,GAA Football All-Ireland Senior Championship,13,1,14,1,0,,kerry,dublin
7/24/22,kerry,galway,GAA Football All-Ireland Senior Championship,20,0,16,0,1,,kerry,galway